ಪಂದೊಗಲ್,ಹಂದೊಗಲ್
ಪಸರಿಕೆ,ಹಸರಿಕೆ
ಪೊನ್ದು,ಹೊನ್ದು
ಪಂದಿಮೀನು,ಹಂದಿಮೀನು
ಪೂಸಣಂಬ,ಹೂಸಣಂಬ
ಪೊಡೆಯಿಸು,ಹೊಡೆಯಿಸು
ಪೆಗಲೇರು,ಹೆಗಲೇರು
ಪಱಿಗೋಲು,ಹಱಿಗೋಲು
ಪೊಣರು,ಹೊಣರು
ಪೊಳ್ಳುಗಳೆ,ಹೊಳ್ಳುಗಳೆ
ಪರಿವಾಯ್,ಹರಿವಾಯ್
ಪುಡುಕು,ಹುಡುಕು
ಪೆಂಜೆಱು,ಹೆಂಜೆಱು
ಪಾಡುಕಾರ,ಹಾಡುಕಾರ
ಪೊರಳಿ,ಹೊರಳಿ
ಪಚ್ಚನೆಯ,ಹಚ್ಚನೆಯ
ಪೊದಿಸು,ಹೊದಿಸು
ಪಗಲೆರೆಯ,ಹಗಲೆರೆಯ
ಪದುಳಿಸು,ಹದುಳಿಸು
ಪುಸಿಗ,ಹುಸಿಗ
ಪಗೆ,ಹಗೆ
ಪೆರ್ವಾರುವ,ಹೆರ್ವಾರುವ
ಪನಿ,ಹನಿ
ಪೊದರುಗೊಳ್,ಹೊದರುಗೊಳ್
ಪಲ್ಗಡಿ,ಹಲ್ಗಡಿ
ಪೆಣ್ಮೀನ್,ಹೆಣ್ಮೀನ್
ಪಾಂಸೆ,ಹಾಂಸೆ
ಪಾಳ್ಗೆಯ್,ಹಾಳ್ಗೆಯ್
ಪಾಯ್ಸು,ಹಾಯ್ಸು
ಪುಲಿಸು,ಹುಲಿಸು
ಪಾವು,ಹಾವು
ಪೊನ್ನಂದಣ,ಹೊನ್ನಂದಣ
ಪೊಱಗೋಟೆ,ಹೊಱಗೋಟೆ
ಪಂದರ,ಹಂದರ
ಪೆಂಗುಸು,ಹೆಂಗುಸು
ಪೊಸಕನ್ನಡ,ಹೊಸಕನ್ನಡ
ಪುಯ್ಯಲಿಕ್ಕು,ಹುಯ್ಯಲಿಕ್ಕು
ಪರಿಪಡು,ಹರಿಪಡು
ಪಾಡುಗಾರ,ಹಾಡುಗಾರ
ಪೆಮ್ಪು,ಹೆಮ್ಪು
ಪಿಂಗುಡಿ,ಹಿಂಗುಡಿ
ಪಿಂದಣ,ಹಿಂದಣ
ಪೆರತು,ಹೆರತು
ಪಿಂಚು,ಹಿಂಚು
ಪೊಗರಿಡು,ಹೊಗರಿಡು
ಪದಬೆದೆ,ಹದಬೆದೆ
ಪೊಚ್ಚ,ಹೊಚ್ಚ
ಪೂಸರ,ಹೂಸರ
ಪಲವು,ಹಲವು
ಪೂಚೆಂಡು,ಹೂಚೆಂಡು
ಪೆರಗೆ,ಹೆರಗೆ
ಪೊಸದು,ಹೊಸದು
ಪಿಂದಿರುಗು,ಹಿಂದಿರುಗು
ಪೊಂಬೆಸ,ಹೊಂಬೆಸ
ಪಾಳಿಗೆಡು,ಹಾಳಿಗೆಡು
ಪಾರು,ಹಾರು
ಪೋಬಳಿ,ಹೋಬಳಿ
ಪೊರನೋಟ,ಹೊರನೋಟ
ಪೆಣ್ಡಿತಿ,ಹೆಣ್ಡಿತಿ
ಪೊರಿಸು,ಹೊರಿಸು
ಪೊಗುತೆ,ಹೊಗುತೆ
ಪುಣಸೆ,ಹುಣಸೆ
ಪೊರಜೆ,ಹೊರಜೆ
ಪೊಮ್ಮಳೆ,ಹೊಮ್ಮಳೆ
ಪೊಡೆಮರಳ್,ಹೊಡೆಮರಳ್
ಪೋತು,ಹೋತು
ಪಿಡಿಕಟ್ಟು,ಹಿಡಿಕಟ್ಟು
ಪಡಿಕೆ,ಹಡಿಕೆ
ಪೆದರು,ಹೆದರು
ಪಾಯ್,ಹಾಯ್
ಪೊರಕಾಲ್,ಹೊರಕಾಲ್
ಪೆಜ್ಜೆ,ಹೆಜ್ಜೆ
ಪೆರ್ಮಗ,ಹೆರ್ಮಗ
ಪುಲ್ಲು,ಹುಲ್ಲು
ಪೊಱಗಡೆ,ಹೊಱಗಡೆ
ಪಂದರು,ಹಂದರು
ಪೂಳು,ಹೂಳು
ಪೊಂಗೋಂಟೆ,ಹೊಂಗೋಂಟೆ
ಪೂಣಿಗ,ಹೂಣಿಗ
ಪಿಂಗು,ಹಿಂಗು
ಪಾಚಿ,ಹಾಚಿ
ಪಳಮೆ,ಹಳಮೆ
ಪಂದಲು,ಹಂದಲು
ಪಾಯು,ಹಾಯು
ಪವಳದೊಂಡೆ,ಹವಳದೊಂಡೆ
ಪದಗೊಳಿಸು,ಹದಗೊಳಿಸು
ಪುರ್ವು,ಹುರ್ವು
ಪಡಿಮೊಗ,ಹಡಿಮೊಗ
ಪಲುಗಿರಿ,ಹಲುಗಿರಿ
ಪೊಳ್ಳಿಸು,ಹೊಳ್ಳಿಸು
ಪವಣ,ಹವಣ
ಪೊರತೆಗೆ,ಹೊರತೆಗೆ
ಪಱುಗೋಲು,ಹಱುಗೋಲು
ಪಾರಾಡು,ಹಾರಾಡು
ಪೋಟೆ,ಹೋಟೆ
ಪಸುರುಡಿಗೆ,ಹಸುರುಡಿಗೆ
ಪಿಳ್ಳೆ,ಹಿಳ್ಳೆ
ಪುಸಿ,ಹುಸಿ
ಪುತ್ತ,ಹುತ್ತ
ಪೆಪ್ಪಿಡು,ಹೆಪ್ಪಿಡು
ಪೆಣಲು,ಹೆಣಲು
ಪರವರಿ,ಹರವರಿ
ಪಪ್ಪಳ,ಹಪ್ಪಳ
ಪರ್ದು,ಹರ್ದು
ಪಾಲುಮಡ್ಡಿ,ಹಾಲುಮಡ್ಡಿ
ಪೆಡ,ಹೆಡ
ಪಿಸುಕು,ಹಿಸುಕು
ಪಿಂದಿರಿಸು,ಹಿಂದಿರಿಸು
ಪೊತ್ತಿಸು,ಹೊತ್ತಿಸು
ಪೆಣ್ಣುಡೆ,ಹೆಣ್ಣುಡೆ
ಪೆಗ್ಗ,ಹೆಗ್ಗ
ಪೊಸನೀರು,ಹೊಸನೀರು
ಪಗ,ಹಗ
ಪರದ,ಹರದ
ಪೊನ್ನೆ,ಹೊನ್ನೆ
ಪೇವಯ್ಸು,ಹೇವಯ್ಸು
ಪಾಸಿಕೆ,ಹಾಸಿಕೆ
ಪೆಣ್ಣಾನೆ,ಹೆಣ್ಣಾನೆ
ಪೆಣಗಿಸು,ಹೆಣಗಿಸು
ಪೊಂತಕಾರಿ,ಹೊಂತಕಾರಿ
ಪೊಂಬರಹ,ಹೊಂಬರಹ
ಪೊಲಮೇರೆ,ಹೊಲಮೇರೆ
ಪೂಳಿ,ಹೂಳಿ
ಪೂಟ,ಹೂಟ
ಪವಳ,ಹವಳ
ಪೊರವಡು,ಹೊರವಡು
ಪುಗುತೆ,ಹುಗುತೆ
ಪುಲಿಯುಗುರ್,ಹುಲಿಯುಗುರ್
ಪೊರವಂಡು,ಹೊರವಂಡು
ಪೊಗರುಗು,ಹೊಗರುಗು
ಪೊಂಬೆಳಗು,ಹೊಂಬೆಳಗು
ಪೊಮ್ಮು,ಹೊಮ್ಮು
ಪೊಱತು,ಹೊಱತು
ಪಾಡುಗ,ಹಾಡುಗ
ಪಿಟ್ಟು,ಹಿಟ್ಟು
ಪೋರಾಳ್,ಹೋರಾಳ್
ಪಲ್ಲಿಲಿಬಾಯಿ,ಹಲ್ಲಿಲಿಬಾಯಿ
ಪೊಲಿಗೆ,ಹೊಲಿಗೆ
ಪಿಂಡುಗೊಳ್,ಹಿಂಡುಗೊಳ್
ಪೊಂಗದಿರು,ಹೊಂಗದಿರು
ಪರುಕು,ಹರುಕು
ಪಚ್ಚ,ಹಚ್ಚ
ಪರಿಗೆಡು,ಹರಿಗೆಡು
ಪಣಿಗೆ,ಹಣಿಗೆ
ಪಣ್ಣಡಕೆ,ಹಣ್ಣಡಕೆ
ಪಿಂಬಾಲಿಸು,ಹಿಂಬಾಲಿಸು
ಪೋಕ,ಹೋಕ
ಪಣತೆ,ಹಣತೆ
ಪರಿಸು,ಹರಿಸು
ಪಲವೆಡೆ,ಹಲವೆಡೆ
ಪಸಲೆ,ಹಸಲೆ
ಪೆಂಗಸು,ಹೆಂಗಸು
ಪಾಯಿಸು,ಹಾಯಿಸು
ಪಿರಿತನ,ಹಿರಿತನ
ಪೊಟ್ಟಳಿಸು,ಹೊಟ್ಟಳಿಸು
ಪಂದಿವೇಂಟೆ,ಹಂದಿವೇಂಟೆ
ಪೊರಗೋಟೆ,ಹೊರಗೋಟೆ
ಪಾಸಿಗೆ,ಹಾಸಿಗೆ
ಪಂಗು,ಹಂಗು
ಪೂಗು,ಹೂಗು
ಪೊರೆಯಾಳು,ಹೊರೆಯಾಳು
ಪೂಗಿಡ,ಹೂಗಿಡ
ಪಲರು,ಹಲರು
ಪಿಂದುಗೊಳ್,ಹಿಂದುಗೊಳ್
ಪುಚ್ಚು,ಹುಚ್ಚು
ಪನ್ನಸು,ಹನ್ನಸು
ಪುಡಿಗೈ,ಹುಡಿಗೈ
ಪೂಡು,ಹೂಡು
ಪೇಸೇಳ್,ಹೇಸೇಳ್
ಪೂಟಿ,ಹೂಟಿ
ಪೊಂಗೆಜ್ಜೆ,ಹೊಂಗೆಜ್ಜೆ
ಪರಗಣೆ,ಹರಗಣೆ
ಪದಿನೇಳ್,ಹದಿನೇಳ್
ಪೊಂಚು,ಹೊಂಚು
ಪುಡುಗ,ಹುಡುಗ
ಪಿಡಿಗುದುರೆ,ಹಿಡಿಗುದುರೆ
ಪೆಸರುಗೊಳ್,ಹೆಸರುಗೊಳ್
ಪೆಣ್,ಹೆಣ್
ಪೊಗರೇರ್,ಹೊಗರೇರ್
ಪೊರ್ಕುಳಿ,ಹೊರ್ಕುಳಿ
ಪಿಡಿಯಾನೆ,ಹಿಡಿಯಾನೆ
ಪೊರಳ್ಚು,ಹೊರಳ್ಚು
ಪೊಲತಿ,ಹೊಲತಿ
ಪುಲುಸು,ಹುಲುಸು
ಪೇರಿಟ್ಟಿ,ಹೇರಿಟ್ಟಿ
ಪಿಮ್ಮೆಟ್ಟು,ಹಿಮ್ಮೆಟ್ಟು
ಪಳು,ಹಳು
ಪಾರಯಿಸು,ಹಾರಯಿಸು
ಪೊಕ್ಕುಳು,ಹೊಕ್ಕುಳು
ಪೊದಿಕೆ,ಹೊದಿಕೆ
ಪುದಿ,ಹುದಿ
ಪೊಸನ್ತಿಲು,ಹೊಸನ್ತಿಲು
ಪುಟ್ಟಗೆ,ಹುಟ್ಟಗೆ
ಪಾೞು,ಹಾೞು
ಪಲ್ಲಣ,ಹಲ್ಲಣ
ಪಸುಮಗು,ಹಸುಮಗು
ಪುರುಕು,ಹುರುಕು
ಪೊರೆಯೇರು,ಹೊರೆಯೇರು
ಪಂದರಿಕ್ಕು,ಹಂದರಿಕ್ಕು
ಪುಯ್ಯಲ್,ಹುಯ್ಯಲ್
ಪುಡಿಗುಟ್ಟು,ಹುಡಿಗುಟ್ಟು
ಪಿರಿಯಣ್ಣ,ಹಿರಿಯಣ್ಣ
ಪಾಯ್ದ,ಹಾಯ್ದ
ಪಾಡುಗಾಯಿ,ಹಾಡುಗಾಯಿ
ಪರಿಕಣಿ,ಹರಿಕಣಿ
ಪಲವುಮಾತು,ಹಲವುಮಾತು
ಪಿಳ್ಳು,ಹಿಳ್ಳು
ಪಲ್ಗಿರಿ,ಹಲ್ಗಿರಿ
ಪೊರಪಾಳೆಯ,ಹೊರಪಾಳೆಯ
ಪಜ್ಜ,ಹಜ್ಜ
ಪೊನ್ನುಯ್ಯಲ್,ಹೊನ್ನುಯ್ಯಲ್
ಪುಣ್ಣುವೆ,ಹುಣ್ಣುವೆ
ಪರಕಲಿಸು,ಹರಕಲಿಸು
ಪೆಸರುವಡೆ,ಹೆಸರುವಡೆ
ಪಸಿವು,ಹಸಿವು
ಪಳಂಚು,ಹಳಂಚು
ಪೊಸಸುಣ್ಣ,ಹೊಸಸುಣ್ಣ
ಪೊರೆಕಾರ,ಹೊರೆಕಾರ
ಪುಣ್ಣವೆ,ಹುಣ್ಣವೆ
ಪೆಱೆದಲೆಯ,ಹೆಱೆದಲೆಯ
ಪಿಂದುಗಳೆ,ಹಿಂದುಗಳೆ
ಪೊದೆಸು,ಹೊದೆಸು
ಪಾವಸೆ,ಹಾವಸೆ
ಪಿಂಡುಮಾತು,ಹಿಂಡುಮಾತು
ಪಿಂಬಳಿ,ಹಿಂಬಳಿ
ಪೇರೊಡಲ್,ಹೇರೊಡಲ್
ಪರುಗೋಲು,ಹರುಗೋಲು
ಪೊಂಬಿಸಿಲು,ಹೊಂಬಿಸಿಲು
ಪದಿನಾರು,ಹದಿನಾರು
ಪೊಂಗೊಡ,ಹೊಂಗೊಡ
ಪೊರೆಬಿಡು,ಹೊರೆಬಿಡು
ಪೆಂಜಱ,ಹೆಂಜಱ
ಪುಗ್ಗಿ,ಹುಗ್ಗಿ
ಪಳ್ಳ,ಹಳ್ಳ
ಪಬ್ಬ,ಹಬ್ಬ
ಪೊದೆ,ಹೊದೆ
ಪುರುಳು,ಹುರುಳು
ಪೊರಿಗೆ,ಹೊರಿಗೆ
ಪೊಂದುಗೆ,ಹೊಂದುಗೆ
ಪಾಲ್ಗಡಲು,ಹಾಲ್ಗಡಲು
ಪೇರಡವಿ,ಹೇರಡವಿ
ಪಿತ್ತಲ್,ಹಿತ್ತಲ್
ಪೊರಮಡು,ಹೊರಮಡು
ಪೊತ್ತರೆ,ಹೊತ್ತರೆ
ಪೊಂದು,ಹೊಂದು
ಪೊಟ್ಟಿ,ಹೊಟ್ಟಿ
ಪೊಲಗೆಡು,ಹೊಲಗೆಡು
ಪರಸು,ಹರಸು
ಪಱುಣೆ,ಹಱುಣೆ
ಪೊಂಗೊಡೆ,ಹೊಂಗೊಡೆ
ಪಳುವ,ಹಳುವ
ಪೊಣಕೆ,ಹೊಣಕೆ
ಪೊಸಕು,ಹೊಸಕು
ಪೊಣಿಕೆ,ಹೊಣಿಕೆ
ಪರುಗೋಲ್,ಹರುಗೋಲ್
ಪೆರೆ,ಹೆರೆ
ಪೀರ್,ಹೀರ್
ಪುದುವು,ಹುದುವು
ಪುಚ್ಚ,ಹುಚ್ಚ
ಪದವಳೆ,ಹದವಳೆ
ಪೊಣೆಕಾರ,ಹೊಣೆಕಾರ
ಪಡಗು,ಹಡಗು
ಪಚ್ಚಡಿಸು,ಹಚ್ಚಡಿಸು
ಪಿಂಬಗಲು,ಹಿಂಬಗಲು
ಪಿಮ್ಮುಖ,ಹಿಮ್ಮುಖ
ಪೊಯ್ಲು,ಹೊಯ್ಲು
ಪೆಟ್ಟ,ಹೆಟ್ಟ
ಪುದುಮನೆ,ಹುದುಮನೆ
ಪೊಱಕಾಲ್,ಹೊಱಕಾಲ್
ಪೆರ್ಜುಂಕ,ಹೆರ್ಜುಂಕ
ಪೊರತು,ಹೊರತು
ಪೂಸು,ಹೂಸು
ಪೊಣ್ಮು,ಹೊಣ್ಮು
ಪ,ಹ
ಪೇರೊಡಲು,ಹೇರೊಡಲು
ಪೊಲಬಿಗ,ಹೊಲಬಿಗ
ಪೂಮಿಡಿ,ಹೂಮಿಡಿ
ಪೊಗರು,ಹೊಗರು
ಪಾಸುಗೆ,ಹಾಸುಗೆ
ಪುಲಿ,ಹುಲಿ
ಪತ್ತುಗೆ,ಹತ್ತುಗೆ
ಪಳ್ಳಿ,ಹಳ್ಳಿ
ಪಾಯಿದು,ಹಾಯಿದು
ಪಿಸುಣು,ಹಿಸುಣು
ಪೊಂದೇರು,ಹೊಂದೇರು
ಪಸರಿಗ,ಹಸರಿಗ
ಪಲುಂಬು,ಹಲುಂಬು
ಪಾನೆ,ಹಾನೆ
ಪಾಸು,ಹಾಸು
ಪರಡು,ಹರಡು
ಪೇರು,ಹೇರು
ಪಿಂತಿರುಗು,ಹಿಂತಿರುಗು
ಪೆಂಗುರು,ಹೆಂಗುರು
ಪಸನು,ಹಸನು
ಪೊಗರೇರು,ಹೊಗರೇರು
ಪಸನ,ಹಸನ
ಪಳಚು,ಹಳಚು
ಪೊಯ್ವಡೆ,ಹೊಯ್ವಡೆ
ಪುರಿಗೊಳ್,ಹುರಿಗೊಳ್
ಪೊಕ್ಕುಳಿ,ಹೊಕ್ಕುಳಿ
ಪಿರಿಯರಸಿ,ಹಿರಿಯರಸಿ
ಪೆಣ್ಣೊಡಲ್,ಹೆಣ್ಣೊಡಲ್
ಪೂದೋಂಟ,ಹೂದೋಂಟ
ಪೊಡೆ,ಹೊಡೆ
ಪೆರದೆಗೆ,ಹೆರದೆಗೆ
ಪೆಟ್ಟು,ಹೆಟ್ಟು
ಪೊಗರೆತ್ತು,ಹೊಗರೆತ್ತು
ಪಿಂದೆ,ಹಿಂದೆ
ಪಳ್ಳಿಕಾರ,ಹಳ್ಳಿಕಾರ
ಪಾಲ್ಮೊಸರು,ಹಾಲ್ಮೊಸರು
ಪಿಂಜು,ಹಿಂಜು
ಪೋಲಿಸು,ಹೋಲಿಸು
ಪೇಲ್,ಹೇಲ್
ಪೋಲ್ವೆ,ಹೋಲ್ವೆ
ಪೋರಟೆ,ಹೋರಟೆ
ಪುಗುಳು,ಹುಗುಳು
ಪೊಗರೊಗು,ಹೊಗರೊಗು
ಪೊಗೆ,ಹೊಗೆ
ಪೊರವಳಯ,ಹೊರವಳಯ
ಪಳಮೊರೆ,ಹಳಮೊರೆ
ಪಡಲಿಕೆ,ಹಡಲಿಕೆ
ಪೊಕ್ಕುಳ್,ಹೊಕ್ಕುಳ್
ಪೊಂಬಣ್ಣ,ಹೊಂಬಣ್ಣ
ಪಸಿವೆ,ಹಸಿವೆ
ಪೊಂಬಾೞೆ,ಹೊಂಬಾೞೆ
ಪೊಂಬುಚ್ಚ,ಹೊಂಬುಚ್ಚ
ಪಿಂದು,ಹಿಂದು
ಪೊಗಿಸು,ಹೊಗಿಸು
ಪಸರಿಸು,ಹಸರಿಸು
ಪಳಿ,ಹಳಿ
ಪೊಱಸು,ಹೊಱಸು
ಪೊಸಮನೆ,ಹೊಸಮನೆ
ಪೊಗರಲಗು,ಹೊಗರಲಗು
ಪಿಂದೆಗೆ,ಹಿಂದೆಗೆ
ಪಸಗೆಡು,ಹಸಗೆಡು
ಪೀರು,ಹೀರು
ಪೋಗಾಡು,ಹೋಗಾಡು
ಪಳೆಯೆಲೆ,ಹಳೆಯೆಲೆ
ಪುತ್ತು,ಹುತ್ತು
ಪೂಡಿಸು,ಹೂಡಿಸು
ಪೊಂದಾವರೆ,ಹೊಂದಾವರೆ
ಪೇಳು,ಹೇಳು
ಪಾಳುಬೀಳು,ಹಾಳುಬೀಳು
ಪೊರಂಡು,ಹೊರಂಡು
ಪೊಗಳ್,ಹೊಗಳ್
ಪುದು,ಹುದು
ಪಾಡಗ,ಹಾಡಗ
ಪೆರ್ಗೆರೆ,ಹೆರ್ಗೆರೆ
ಪೊತ್ತುಗಳೆ,ಹೊತ್ತುಗಳೆ
ಪಿಂಡು,ಹಿಂಡು
ಪೊಲ್ಲ,ಹೊಲ್ಲ
ಪೊಳಚು,ಹೊಳಚು
ಪೊರಗು,ಹೊರಗು
ಪಡಿಯರ,ಹಡಿಯರ
ಪದ್ದು,ಹದ್ದು
ಪೇರಾಲ,ಹೇರಾಲ
ಪೂವೃಷ್ಟಿ,ಹೂವೃಷ್ಟಿ
ಪಱುಗೋಲ್,ಹಱುಗೋಲ್
ಪೊಗರಂಬು,ಹೊಗರಂಬು
ಪೋಳಿಸು,ಹೋಳಿಸು
ಪೆಸರು,ಹೆಸರು
ಪೂಳ್,ಹೂಳ್
ಪರಡೆ,ಹರಡೆ
ಪುಡಿಗೆಯ್,ಹುಡಿಗೆಯ್
ಪೊಂಬಾಳೆ,ಹೊಂಬಾಳೆ
ಪೂವಲಿ,ಹೂವಲಿ
ಪೆಜ್ಜುಂಕ,ಹೆಜ್ಜುಂಕ
ಪೊತ್ತಾರೆ,ಹೊತ್ತಾರೆ
ಪಾರಯ್ಸು,ಹಾರಯ್ಸು
ಪುಣುಸೆ,ಹುಣುಸೆ
ಪೆಬ್ಬಾವು,ಹೆಬ್ಬಾವು
ಪುರುಡಿಗ,ಹುರುಡಿಗ
ಪದಿನೆಂಟು,ಹದಿನೆಂಟು
ಪೇಕುಳಿ,ಹೇಕುಳಿ
ಪೊಂಗೆಲಸ,ಹೊಂಗೆಲಸ
ಪಡಿಯಱ,ಹಡಿಯಱ
ಪಳಗನ್ನಡ,ಹಳಗನ್ನಡ
ಪುಲು,ಹುಲು
ಪೆಣ್ಡತಿ,ಹೆಣ್ಡತಿ
ಪಾಱಾಟ,ಹಾಱಾಟ
ಪುಚ್ಚುಗೊಳ್,ಹುಚ್ಚುಗೊಳ್
ಪೆರ,ಹೆರ
ಪೊಲ್ಲಮೆ,ಹೊಲ್ಲಮೆ
ಪಳಬ,ಹಳಬ
ಪೊಂದೇರ್,ಹೊಂದೇರ್
ಪಡೆದ,ಹಡೆದ
ಪದುಳವಿರು,ಹದುಳವಿರು
ಪೊಱಡು,ಹೊಱಡು
ಪೊನ್ನಗಸೆ,ಹೊನ್ನಗಸೆ
ಪೊನ್,ಹೊನ್
ಪಂದರ್,ಹಂದರ್
ಪೋಲು,ಹೋಲು
ಪೊಗಳ್ತೆ,ಹೊಗಳ್ತೆ
ಪೇರಣಿಲ್,ಹೇರಣಿಲ್
ಪೂವಳೆ,ಹೂವಳೆ
ಪಳವೆ,ಹಳವೆ
ಪುಬ್ಬಾ,ಹುಬ್ಬಾ
ಪೊಂಬೆಟ್ಟ,ಹೊಂಬೆಟ್ಟ
ಪೊಂಬೊಗರಿ,ಹೊಂಬೊಗರಿ
ಪಂಚು,ಹಂಚು
ಪೊಸಬ,ಹೊಸಬ
ಪಗಲು,ಹಗಲು
ಪಸುಬ,ಹಸುಬ
ಪಸಿಗೆ,ಹಸಿಗೆ
ಪುಣ್ಣಿವೆ,ಹುಣ್ಣಿವೆ
ಪೊಡೆಚಂಡು,ಹೊಡೆಚಂಡು
ಪೊಂಗರಿ,ಹೊಂಗರಿ
ಪಸುಳ,ಹಸುಳ
ಪಸುರೆಲೆ,ಹಸುರೆಲೆ
ಪವಣು,ಹವಣು
ಪಲುಬು,ಹಲುಬು
ಪೊದಕುಳಿಗೊಳ್,ಹೊದಕುಳಿಗೊಳ್
ಪಲ್ಕಡಿ,ಹಲ್ಕಡಿ
ಪೊಡವಡಿಸು,ಹೊಡವಡಿಸು
ಪಿಡಿತೆ,ಹಿಡಿತೆ
ಪಿಂದುಳಿ,ಹಿಂದುಳಿ
ಪರಳು,ಹರಳು
ಪೊರಕೆಯ್,ಹೊರಕೆಯ್
ಪೆಂಟೆ,ಹೆಂಟೆ
ಪೆಗ್ಗಡೆ,ಹೆಗ್ಗಡೆ
ಪೊನ್ನು,ಹೊನ್ನು
ಪೊಸಬೆಣ್ಣೆ,ಹೊಸಬೆಣ್ಣೆ
ಪಿನ್ನೆ,ಹಿನ್ನೆ
ಪೊನಲಿಡು,ಹೊನಲಿಡು
ಪಿಮ್ಮಡಿ,ಹಿಮ್ಮಡಿ
ಪೇರಿಸು,ಹೇರಿಸು
ಪೆಳವಿ,ಹೆಳವಿ
ಪೆಸರಿಡು,ಹೆಸರಿಡು
ಪುಲಿದೊವಲು,ಹುಲಿದೊವಲು
ಪೊಳಪು,ಹೊಳಪು
ಪುಸಿನುಡಿ,ಹುಸಿನುಡಿ
ಪಸುಗೂಸು,ಹಸುಗೂಸು
ಪೂಣಿಕೆ,ಹೂಣಿಕೆ
ಪೊಲ್ಲದು,ಹೊಲ್ಲದು
ಪೇರರಿಕೆ,ಹೇರರಿಕೆ
ಪಾರುಗುಪ್ಪೆ,ಹಾರುಗುಪ್ಪೆ
ಪರಿಗೆ,ಹರಿಗೆ
ಪಡ್ಡಲಿಗೆ,ಹಡ್ಡಲಿಗೆ
ಪಗೆವು,ಹಗೆವು
ಪುಡಿಯೇಳು,ಹುಡಿಯೇಳು
ಪೆಗಲ್,ಹೆಗಲ್
ಪೊರೆ,ಹೊರೆ
ಪದಿ,ಹದಿ
ಪೋತ,ಹೋತ
ಪೇಡಿತನ,ಹೇಡಿತನ
ಪೊಲೆವೆಣ್,ಹೊಲೆವೆಣ್
ಪುರಿಯೇರು,ಹುರಿಯೇರು
ಪದಿನಾಲ್ಕು,ಹದಿನಾಲ್ಕು
ಪರಿಗೆಕಾಱ,ಹರಿಗೆಕಾಱ
ಪಿಡಿ,ಹಿಡಿ
ಪೊರಡು,ಹೊರಡು
ಪೊಗಳಿಕೆ,ಹೊಗಳಿಕೆ
ಪಳದು,ಹಳದು
ಪೊರಗಡೆ,ಹೊರಗಡೆ
ಪಾಳುಬಿದ್ದ,ಹಾಳುಬಿದ್ದ
ಪೊದ್ದಿಗೆ,ಹೊದ್ದಿಗೆ
ಪುಣ್ಣು,ಹುಣ್ಣು
ಪೆರ್,ಹೆರ್
ಪಸರಣ,ಹಸರಣ
ಪೊರವಲಯ,ಹೊರವಲಯ
ಪೊದ್ದು,ಹೊದ್ದು
ಪಳವು,ಹಳವು
ಪೂಮಳೆ,ಹೂಮಳೆ
ಪೆಣಗಾಟ,ಹೆಣಗಾಟ
ಪೂತಿ,ಹೂತಿ
ಪೊದಪು,ಹೊದಪು
ಪಾಳ್,ಹಾಳ್
ಪಾತೆ,ಹಾತೆ
ಪುಳು,ಹುಳು
ಪಿಂಚೂಣಿ,ಹಿಂಚೂಣಿ
ಪದಿನಯ್ದು,ಹದಿನಯ್ದು
ಪಾಳ್ಮನೆ,ಹಾಳ್ಮನೆ
ಪೊರಮಾರು,ಹೊರಮಾರು
ಪುಡಿ,ಹುಡಿ
ಪಸುಳೆತನ,ಹಸುಳೆತನ
ಪೊಸಂತಿಲ್,ಹೊಸಂತಿಲ್
ಪೊಯ್,ಹೊಯ್
ಪಡಹು,ಹಡಹು
ಪಡಲಗೆ,ಹಡಲಗೆ
ಪೊಂಗು,ಹೊಂಗು
ಪಸುಗೆಗೊಳ್,ಹಸುಗೆಗೊಳ್
ಪೂಗೊಂಚಲು,ಹೂಗೊಂಚಲು
ಪಡಿಯದೆ,ಹಡಿಯದೆ
ಪೋಳು,ಹೋಳು
ಪಡಿಮುಖ,ಹಡಿಮುಖ
ಪಿಡಿತ,ಹಿಡಿತ
ಪಚ್ಚನೆ,ಹಚ್ಚನೆ
ಪೊಯ್ಸು,ಹೊಯ್ಸು
ಪಚ್ಚೆ,ಹಚ್ಚೆ
ಪುಟ್ಟಿಗೆ,ಹುಟ್ಟಿಗೆ
ಪೆದೆ,ಹೆದೆ
ಪಿಂಗಡೆ,ಹಿಂಗಡೆ
ಪೆರ್ಗಡೆ,ಹೆರ್ಗಡೆ
ಪೀಲಿ,ಹೀಲಿ
ಪುಡಿಗೂಡಿಸು,ಹುಡಿಗೂಡಿಸು
ಪೆರೆಯುರ್ಚು,ಹೆರೆಯುರ್ಚು
ಪೆಡೆಮಣಿ,ಹೆಡೆಮಣಿ
ಪೊಮ್ಬೆಟ್ಟ,ಹೊಮ್ಬೆಟ್ಟ
ಪೆಸರಿಸು,ಹೆಸರಿಸು
ಪೂವಾಡಗಿತ್ತಿ,ಹೂವಾಡಗಿತ್ತಿ
ಪಲವಂಗ,ಹಲವಂಗ
ಪಂತ,ಹಂತ
ಪೊದರ್,ಹೊದರ್
ಪಾಲ್ಗುಡಿ,ಹಾಲ್ಗುಡಿ
ಪರವಸ,ಹರವಸ
ಪುಬ್ಬೆ,ಹುಬ್ಬೆ
ಪಗೆಗೊಳ್,ಹಗೆಗೊಳ್
ಪಣಿದ,ಹಣಿದ
ಪೊದಕೆ,ಹೊದಕೆ
ಪೆಂಗೊಲೆ,ಹೆಂಗೊಲೆ
ಪೂಗಾರ,ಹೂಗಾರ
ಪೊಸಗನ್ನಡ,ಹೊಸಗನ್ನಡ
ಪೊತ್ತಗೆ,ಹೊತ್ತಗೆ
ಪಲ್ಕಿರಿ,ಹಲ್ಕಿರಿ
ಪಂಬಲಿಸು,ಹಂಬಲಿಸು
ಪುಯ್ಯಲಿಡು,ಹುಯ್ಯಲಿಡು
ಪೆಸರ್ಗೊಳ್,ಹೆಸರ್ಗೊಳ್
ಪದಿಮೂರ್,ಹದಿಮೂರ್
ಪಾರೆ,ಹಾರೆ
ಪಿಣಿ,ಹಿಣಿ
ಪೊಡಸೆಂಡು,ಹೊಡಸೆಂಡು
ಪುಟ್ಟು,ಹುಟ್ಟು
ಪರೆ,ಹರೆ
ಪಡವಳ್ತಿ,ಹಡವಳ್ತಿ
ಪಾಲು,ಹಾಲು
ಪೆಚ್ಚುಗೆ,ಹೆಚ್ಚುಗೆ
ಪಾಲುಬಾಯಿ,ಹಾಲುಬಾಯಿ
ಪೊಱವಾಱ್,ಹೊಱವಾಱ್
ಪುಳಿಸೆ,ಹುಳಿಸೆ
ಪಂಗಿಗ,ಹಂಗಿಗ
ಪಸಿ,ಹಸಿ
ಪೊಲಬು,ಹೊಲಬು
ಪಕ್ಕಿ,ಹಕ್ಕಿ
ಪಿಂದಲೆ,ಹಿಂದಲೆ
ಪುಸಿಯಾಡು,ಹುಸಿಯಾಡು
ಪೊರಬಿಗ,ಹೊರಬಿಗ
ಪೊತ್ತಿಗೆ,ಹೊತ್ತಿಗೆ
ಪೊರಳ್,ಹೊರಳ್
ಪೊಳಕು,ಹೊಳಕು
ಪದುಳ,ಹದುಳ
ಪಾಳಿ,ಹಾಳಿ
ಪಗವು,ಹಗವು
ಪೊರಸೂಸು,ಹೊರಸೂಸು
ಪಲ,ಹಲ
ಪೆಡೆವಣಿ,ಹೆಡೆವಣಿ
ಪಚ್ಚಿಸು,ಹಚ್ಚಿಸು
ಪೆರಸಾರು,ಹೆರಸಾರು
ಪಾಲೆ,ಹಾಲೆ
ಪುಲಿಯುಗುರು,ಹುಲಿಯುಗುರು
ಪೊನ್ನವಸ್ತ್ರ,ಹೊನ್ನವಸ್ತ್ರ
ಪಿಟ್ಟುಗುಟ್ಟು,ಹಿಟ್ಟುಗುಟ್ಟು
ಪಳುವು,ಹಳುವು
ಪೆಗಲು,ಹೆಗಲು
ಪೂವು,ಹೂವು
ಪೊರಳು,ಹೊರಳು
ಪರವಿ,ಹರವಿ
ಪಾಲುಗಡಲು,ಹಾಲುಗಡಲು
ಪೊಳೆ,ಹೊಳೆ
ಪಾಯ್ಕು,ಹಾಯ್ಕು
ಪೊಸ,ಹೊಸ
ಪಿಂಡಿ,ಹಿಂಡಿ
ಪೆಂಗೂಸು,ಹೆಂಗೂಸು
ಪೊಳಲು,ಹೊಳಲು
ಪಿಡಿಕಿಸು,ಹಿಡಿಕಿಸು
ಪೊಸಂತಿಲು,ಹೊಸಂತಿಲು
ಪುದುಗು,ಹುದುಗು
ಪಕ್ಕು,ಹಕ್ಕು
ಪಚ್ಚಗೆ,ಹಚ್ಚಗೆ
ಪಱುಗಲ್,ಹಱುಗಲ್
ಪೊಳ್ಳುನುಡಿ,ಹೊಳ್ಳುನುಡಿ
ಪೊಲೆ,ಹೊಲೆ
ಪಾವಡಿಗ,ಹಾವಡಿಗ
ಪೆಣ್ಣಾಳ್,ಹೆಣ್ಣಾಳ್
ಪೊರಪಚ್ಚ,ಹೊರಪಚ್ಚ
ಪಿನ್,ಹಿನ್
ಪತ್ತಿರ,ಹತ್ತಿರ
ಪುಬ್ಬು,ಹುಬ್ಬು
ಪಿರಿದು,ಹಿರಿದು
ಪಣ್ಣಾಗು,ಹಣ್ಣಾಗು
ಪುರುಳ್,ಹುರುಳ್
ಪೊಂಗಡಲು,ಹೊಂಗಡಲು
ಪಿಳಿಕು,ಹಿಳಿಕು
ಪಣತಿ,ಹಣತಿ
ಪಸುರ್ಗಟ್ಟು,ಹಸುರ್ಗಟ್ಟು
ಪಾಸುಮಂಚ,ಹಾಸುಮಂಚ
ಪುಸಿಮಾತು,ಹುಸಿಮಾತು
ಪರಿಗೆಕಾರ,ಹರಿಗೆಕಾರ
ಪಸುರು,ಹಸುರು
ಪುಗ್ಗು,ಹುಗ್ಗು
ಪೆಚ್ಚಳ,ಹೆಚ್ಚಳ
ಪರಲೆ,ಹರಲೆ
ಪಲ್ಲಿಲಿ,ಹಲ್ಲಿಲಿ
ಪನ್ನೆರಡು,ಹನ್ನೆರಡು
ಪೋಳ್ಮಾಡು,ಹೋಳ್ಮಾಡು
ಪಡು,ಹಡು
ಪಡೆ,ಹಡೆ
ಪುದುವಾಳ್,ಹುದುವಾಳ್
ಪುರುಡು,ಹುರುಡು
ಪೇಳ್,ಹೇಳ್
ಪಿಳ್ಗು,ಹಿಳ್ಗು
ಪಸೆನಿಲ್,ಹಸೆನಿಲ್
ಪದುಳಿದ,ಹದುಳಿದ
ಪರಿ,ಹರಿ
ಪೇರ್,ಹೇರ್
ಪಳಿವು,ಹಳಿವು
ಪೆಮ್ಮ,ಹೆಮ್ಮ
ಪಲ್ಲುಗಳು,ಹಲ್ಲುಗಳು
ಪಿಂತೆ,ಹಿಂತೆ
ಪುಟ್ಟುಗುರುಡ,ಹುಟ್ಟುಗುರುಡ
ಪಿಡಿಯಂಬು,ಹಿಡಿಯಂಬು
ಪೂವಕ್ಕಿ,ಹೂವಕ್ಕಿ
ಪಿಸುಗು,ಹಿಸುಗು
ಪರಳುಗಲ್ಲು,ಹರಳುಗಲ್ಲು
ಪಳೆಗನ್ನಡ,ಹಳೆಗನ್ನಡ
ಪಳಗಿಸು,ಹಳಗಿಸು
ಪೊಗರೇಳು,ಹೊಗರೇಳು
ಪೇನು,ಹೇನು
ಪೀಚು,ಹೀಚು
ಪಾವಾಡಿಗ,ಹಾವಾಡಿಗ
ಪರದಿಕೆ,ಹರದಿಕೆ
ಪೊಟ್ಟು,ಹೊಟ್ಟು
ಪೊಡೆಸು,ಹೊಡೆಸು
ಪೊಂ,ಹೊಂ
ಪೊಡವಡು,ಹೊಡವಡು
ಪಾಗಲ್,ಹಾಗಲ್
ಪೊಗರಾನ್,ಹೊಗರಾನ್
ಪೊದಕುಳಿ,ಹೊದಕುಳಿ
ಪಿಂತಿಕ್ಕು,ಹಿಂತಿಕ್ಕು
ಪೊನಲುವರಿ,ಹೊನಲುವರಿ
ಪಿತ್ತಿಲ್,ಹಿತ್ತಿಲ್
ಪಿಮ್ಮಡ,ಹಿಮ್ಮಡ
ಪೊಂದಿಗೆ,ಹೊಂದಿಗೆ
ಪಣ್ಣಿಸು,ಹಣ್ಣಿಸು
ಪೊದರ್ವನೆ,ಹೊದರ್ವನೆ
ಪೆರಗು,ಹೆರಗು
ಪೂಗನಸು,ಹೂಗನಸು
ಪೊರಕಯ್,ಹೊರಕಯ್
ಪೆರತೆಗೆ,ಹೆರತೆಗೆ
ಪೂದುಡಿಗೆ,ಹೂದುಡಿಗೆ
ಪಾದಿ,ಹಾದಿ
ಪಸೆ,ಹಸೆ
ಪಾಳು,ಹಾಳು
ಪೆಣೆ,ಹೆಣೆ
ಪುಗಿಲು,ಹುಗಿಲು
ಪುರುಡಿಸು,ಹುರುಡಿಸು
ಪೊನ್ದುಗೆ,ಹೊನ್ದುಗೆ
ಪಸುರುಡೆ,ಹಸುರುಡೆ
ಪೆರು,ಹೆರು
ಪೊಕ್ಕಳು,ಹೊಕ್ಕಳು
ಪಾಲ್ಗುಂಬಳ,ಹಾಲ್ಗುಂಬಳ
ಪೊಲಿ,ಹೊಲಿ
ಪುರುಳುಗೆಡಿಸು,ಹುರುಳುಗೆಡಿಸು
ಪೊಸವೆಣ್,ಹೊಸವೆಣ್
ಪತ್ತಿ,ಹತ್ತಿ
ಪೊದರೇಳ್,ಹೊದರೇಳ್
ಪೆಮ್ಮೆ,ಹೆಮ್ಮೆ
ಪಾಡು,ಹಾಡು
ಪೇರಾನೆ,ಹೇರಾನೆ
ಪೆಂಡತಿ,ಹೆಂಡತಿ
ಪೊರವಾರ್,ಹೊರವಾರ್
ಪರಿವು,ಹರಿವು
ಪಲಗೆ,ಹಲಗೆ
ಪೆಣ,ಹೆಣ
ಪಿಡಿಕೆಯ್ಸು,ಹಿಡಿಕೆಯ್ಸು
ಪಾಳೆ,ಹಾಳೆ
ಪರದು,ಹರದು
ಪುಲ್ಲೆ,ಹುಲ್ಲೆ
ಪೆಟ್ಟೆ,ಹೆಟ್ಟೆ
ಪಿಣಿಲು,ಹಿಣಿಲು
ಪೆಣ್ಣು,ಹೆಣ್ಣು
ಪಿಳ್ಕು,ಹಿಳ್ಕು
ಪೊಡಕರಿಸು,ಹೊಡಕರಿಸು
ಪಿಡಿಕೆ,ಹಿಡಿಕೆ
ಪಳಸು,ಹಳಸು
ಪೆಣ್ಗಿಳಿ,ಹೆಣ್ಗಿಳಿ
ಪಾಳ್ಮನೆಹಾಳ,ಹಾಳ್ಮನೆಹಾಳ
ಪೊರಮಿಂಚು,ಹೊರಮಿಂಚು
ಪರೆಕಾರ,ಹರೆಕಾರ
ಪದಿರು,ಹದಿರು
ಪಿಳಿಲು,ಹಿಳಿಲು
ಪೊಗಳ್ಕೆ,ಹೊಗಳ್ಕೆ
ಪೊನಲ್,ಹೊನಲ್
ಪೊಸನೋಟ,ಹೊಸನೋಟ
ಪೊಸತುಪ್ಪ,ಹೊಸತುಪ್ಪ
ಪರಳಿಗ,ಹರಳಿಗ
ಪೇಕುಳಿಗೊಳ್,ಹೇಕುಳಿಗೊಳ್
ಪೇಸಿ,ಹೇಸಿ
ಪರಗು,ಹರಗು
ಪಸುರ್ನೆಲ,ಹಸುರ್ನೆಲ
ಪುಣ್ಣಮಿ,ಹುಣ್ಣಮಿ
ಪೂಗಂಪು,ಹೂಗಂಪು
ಪಱುಕ,ಹಱುಕ
ಪೂವರ್ಷ,ಹೂವರ್ಷ
ಪೆದ್ದೊರೆ,ಹೆದ್ದೊರೆ
ಪಂದೆತನ,ಹಂದೆತನ
ಪಾಡಿಸು,ಹಾಡಿಸು
ಪೇನ್,ಹೇನ್
ಪೇಸಿಗೆ,ಹೇಸಿಗೆ
ಪೊರೆಯಾಳ್,ಹೊರೆಯಾಳ್
ಪಿಂದಕ್ಕು,ಹಿಂದಕ್ಕು
ಪೊಱಕೆಯ್,ಹೊಱಕೆಯ್
ಪೊಟ್ಟುಗ,ಹೊಟ್ಟುಗ
ಪೂಳ್ದು,ಹೂಳ್ದು
ಪಣಿತೆ,ಹಣಿತೆ
ಪೋಲ್,ಹೋಲ್
ಪಾಲ್ವಕ್ಕಿ,ಹಾಲ್ವಕ್ಕಿ
ಪೊಯಿಲು,ಹೊಯಿಲು
ಪೊಣೆಗಾರ,ಹೊಣೆಗಾರ
ಪಾರಾಟ,ಹಾರಾಟ
ಪೊದರೊಡೆ,ಹೊದರೊಡೆ
ಪೊಸಸಕ್ಕರೆ,ಹೊಸಸಕ್ಕರೆ
ಪಿರಿ,ಹಿರಿ
ಪೆರ್ಗಡಲ್,ಹೆರ್ಗಡಲ್
ಪರಕೆ,ಹರಕೆ
ಪರಿವಾಣ,ಹರಿವಾಣ
ಪೆಗ್ಗಣ,ಹೆಗ್ಗಣ
ಪೊದಳು,ಹೊದಳು
ಪೋಗು,ಹೋಗು
ಪೆರರ,ಹೆರರ
ಪಱುಣಿ,ಹಱುಣಿ
ಪಿಳುಕು,ಹಿಳುಕು
ಪೊರಗೆ,ಹೊರಗೆ
ಪೆಂಡಿತಿ,ಹೆಂಡಿತಿ
ಪೂಗಿಡು,ಹೂಗಿಡು
ಪೇರಾಸೆ,ಹೇರಾಸೆ
ಪೊದರುಗಟ್ಟು,ಹೊದರುಗಟ್ಟು
ಪಸುಗೆ,ಹಸುಗೆ
ಪೊಸಮುತ್ತು,ಹೊಸಮುತ್ತು
ಪಸುಳೆ,ಹಸುಳೆ
ಪಂದಿ,ಹಂದಿ
ಪಸುಬೆ,ಹಸುಬೆ
ಪೇಸು,ಹೇಸು
ಪೊಡಮಡು,ಹೊಡಮಡು
ಪಿಡಿಯಾಳು,ಹಿಡಿಯಾಳು
ಪಸು,ಹಸು
ಪಾಳುಮನೆ,ಹಾಳುಮನೆ
ಪಲಬು,ಹಲಬು
ಪೂಣಿಗತನ,ಹೂಣಿಗತನ
ಪೊಗರ್ತೆ,ಹೊಗರ್ತೆ
ಪುಣ್ಣಮೆ,ಹುಣ್ಣಮೆ
ಪೊಡೆಸೆಂಡು,ಹೊಡೆಸೆಂಡು
ಪುೞು,ಹುೞು
ಪುವ್ವು,ಹುವ್ವು
ಪೊಲೆಯ,ಹೊಲೆಯ
ಪತ್ತು,ಹತ್ತು
ಪೊಯಿಲ್,ಹೊಯಿಲ್
ಪೆಚ್ಚಿಸು,ಹೆಚ್ಚಿಸು
ಪೇಳಿಸು,ಹೇಳಿಸು
ಪುಳ್ಳಿ,ಹುಳ್ಳಿ
ಪಸುಮಗ,ಹಸುಮಗ
ಪಿಡಿಕಯ್ಸು,ಹಿಡಿಕಯ್ಸು
ಪಿಂ,ಹಿಂ
ಪಳೆವಾತು,ಹಳೆವಾತು
ಪಾಸರೆಗಲ್ಲು,ಹಾಸರೆಗಲ್ಲು
ಪಂದೆ,ಹಂದೆ
ಪೆಪ್ಪಳಿಸು,ಹೆಪ್ಪಳಿಸು
ಪೊನಲು,ಹೊನಲು
ಪುದುಂಗು,ಹುದುಂಗು
ಪಲ್ಲಿ,ಹಲ್ಲಿ
ಪೊತ್ತು,ಹೊತ್ತು
ಪೂದೇರ್,ಹೂದೇರ್
ಪಳ್ಳಿಕಾಱ,ಹಳ್ಳಿಕಾಱ
ಪೊಲಗೆಡಿಸು,ಹೊಲಗೆಡಿಸು
ಪುದುಗಿಸು,ಹುದುಗಿಸು
ಪುಲಿಮೊಗ,ಹುಲಿಮೊಗ
ಪೋರಿಸು,ಹೋರಿಸು
ಪಾಲೋಗರ,ಹಾಲೋಗರ
ಪುಣ್ಣಿಮೆ,ಹುಣ್ಣಿಮೆ
ಪಡವಳತಿ,ಹಡವಳತಿ
ಪಣ,ಹಣ
ಪೊಡೆವಡು,ಹೊಡೆವಡು
ಪಿಂಜರಿ,ಹಿಂಜರಿ
ಪೊರಜಿ,ಹೊರಜಿ
ಪುರ,ಹುರ
ಪೊಳ್ಳು,ಹೊಳ್ಳು
ಪಚ್ಚು,ಹಚ್ಚು
ಪೂರಿಗೆ,ಹೂರಿಗೆ
ಪಾಱುಗುಪ್ಪೆ,ಹಾಱುಗುಪ್ಪೆ
ಪುಳಿಯೊಗರೆ,ಹುಳಿಯೊಗರೆ
ಪೊಳ್ಳೆ,ಹೊಳ್ಳೆ
ಪೆಣಗು,ಹೆಣಗು
ಪುರುಳುಗೆಡು,ಹುರುಳುಗೆಡು
ಪಲವುಸೂಳ್,ಹಲವುಸೂಳ್
ಪೊಡಮಡಿಸು,ಹೊಡಮಡಿಸು
ಪೆಮ್ಮರ,ಹೆಮ್ಮರ
ಪೆಣ್ಣಿಲಿ,ಹೆಣ್ಣಿಲಿ
ಪೊಸನ್ತಿಲ್,ಹೊಸನ್ತಿಲ್
ಪೋರ್,ಹೋರ್
ಪದಡು,ಹದಡು
ಪೊರಳಿಸು,ಹೊರಳಿಸು
ಪೂವಾಡಿಗ,ಹೂವಾಡಿಗ
ಪಳ್ಳಿಗ,ಹಳ್ಳಿಗ
ಪಸುಂಬ,ಹಸುಂಬ
ಪೋರಿ,ಹೋರಿ
ಪೇಡಿ,ಹೇಡಿ
ಪಡುವಲು,ಹಡುವಲು
ಪೊನ್ದಿಗೆ,ಹೊನ್ದಿಗೆ
ಪೊಗಳು,ಹೊಗಳು
ಪಡಲಿಗೆ,ಹಡಲಿಗೆ
ಪುಳ್ಳೆ,ಹುಳ್ಳೆ
ಪಾಲ್ಕೊಡ,ಹಾಲ್ಕೊಡ
ಪಗೆವ,ಹಗೆವ
ಪೊಯ್ದು,ಹೊಯ್ದು
ಪೊಚ್ಚು,ಹೊಚ್ಚು
ಪಸ,ಹಸ
ಪೊಂಗಳಸ,ಹೊಂಗಳಸ
ಪಾಳುಬಾವಿ,ಹಾಳುಬಾವಿ
ಪೊಂಬುಗುರಿ,ಹೊಂಬುಗುರಿ
ಪೀರೆ,ಹೀರೆ
ಪಜ್ಜೆ,ಹಜ್ಜೆ
ಪಸುಂಬೆ,ಹಸುಂಬೆ
ಪೊನ್ನೋಲೆ,ಹೊನ್ನೋಲೆ
ಪಕ್ಕೆ,ಹಕ್ಕೆ
ಪೂದೋಟ,ಹೂದೋಟ
ಪೊಣೆ,ಹೊಣೆ
ಪೊಣೆಯಾಗು,ಹೊಣೆಯಾಗು
ಪುಣುಬು,ಹುಣುಬು
ಪೂಮಾಲೆಗಾರ್ತಿ,ಹೂಮಾಲೆಗಾರ್ತಿ
ಪಿಂದೆಸೆ,ಹಿಂದೆಸೆ
ಪುರಿಗೊಳಿಸು,ಹುರಿಗೊಳಿಸು
ಪೂ,ಹೂ
ಪಿರಿಯ,ಹಿರಿಯ
ಪಿನ್ನೋಟ,ಹಿನ್ನೋಟ
ಪುಲ್ಲೆಗಣ್,ಹುಲ್ಲೆಗಣ್
ಪುತ್ತರಿ,ಹುತ್ತರಿ
ಪಣ್ಣು,ಹಣ್ಣು
ಪೊರಮಡಿಸು,ಹೊರಮಡಿಸು
ಪೊರವೀಡು,ಹೊರವೀಡು
ಪರಿಗಾಲುವೆ,ಹರಿಗಾಲುವೆ
ಪೇರುಡು,ಹೇರುಡು
ಪೊಟ್ಟೆ,ಹೊಟ್ಟೆ
ಪೊಱಯಿಂಕೆ,ಹೊಱಯಿಂಕೆ
ಪೊಸತಿಲ್,ಹೊಸತಿಲ್
ಪೊರೆಯಿಡು,ಹೊರೆಯಿಡು
ಪುಣಿಸೆ,ಹುಣಿಸೆ
ಪೊಯಿ,ಹೊಯಿ
ಪೊಲ್ಲನುಡಿ,ಹೊಲ್ಲನುಡಿ
ಪೊದರು,ಹೊದರು
ಪಿಣಿಲ್,ಹಿಣಿಲ್
ಪೊಸಗೆರೆ,ಹೊಸಗೆರೆ
ಪೆಳವ,ಹೆಳವ
ಪೆಣ್ಟೆ,ಹೆಣ್ಟೆ
ಪಾಲ್ತುತ್ತ,ಹಾಲ್ತುತ್ತ
ಪೆಸರೆತ್ತು,ಹೆಸರೆತ್ತು
ಪುಲಿದೊಗಲು,ಹುಲಿದೊಗಲು
ಪಡಿಯಾಱ,ಹಡಿಯಾಱ
ಪೊನ್ನಂಬು,ಹೊನ್ನಂಬು
ಪಣಿ,ಹಣಿ
ಪುಸಿಕ,ಹುಸಿಕ
ಪದುಳಿಗ,ಹದುಳಿಗ
ಪೊಸಗೆ,ಹೊಸಗೆ
ಪೊಟ್ಟೆಬೇನೆ,ಹೊಟ್ಟೆಬೇನೆ
ಪುರಿ,ಹುರಿ
ಪುಣ್,ಹುಣ್
ಪೊರಯಿಂಕೆ,ಹೊರಯಿಂಕೆ
ಪೋರು,ಹೋರು
ಪೇರಾಳ,ಹೇರಾಳ
ಪೊಂಬೊಂಬೆ,ಹೊಂಬೊಂಬೆ
ಪೂವಿನಮಳೆ,ಹೂವಿನಮಳೆ
ಪೊಂಗುರು,ಹೊಂಗುರು
ಪಳೆಯುಳಿಕೆ,ಹಳೆಯುಳಿಕೆ
ಪುಡಿಮಾಡು,ಹುಡಿಮಾಡು
ಪೇರೂರ್,ಹೇರೂರ್
ಪೋಟಿ,ಹೋಟಿ
ಪೊಸತು,ಹೊಸತು
ಪೊಗರ್,ಹೊಗರ್
ಪಲ್ಲುಗಿರಿ,ಹಲ್ಲುಗಿರಿ
ಪೇರುರ,ಹೇರುರ
ಪುಲುವಟ್ಟೆ,ಹುಲುವಟ್ಟೆ
ಪಡುಕೆ,ಹಡುಕೆ
ಪೀಚುಕಾಯಿ,ಹೀಚುಕಾಯಿ
ಪೊಱೆಕಾಱ,ಹೊಱೆಕಾಱ
ಪಾರ್ವ,ಹಾರ್ವ
ಪಿಡಿವಡೆ,ಹಿಡಿವಡೆ
ಪಗವ,ಹಗವ
ಪೂದೊಡಿಗೆ,ಹೂದೊಡಿಗೆ
ಪಸರ,ಹಸರ
ಪೊಸತಿಲು,ಹೊಸತಿಲು
ಪಗೆಯ,ಹಗೆಯ
ಪಿಂಗಿಸು,ಹಿಂಗಿಸು
ಪುಣ್ಣುಮೆ,ಹುಣ್ಣುಮೆ
ಪಾಳಿಡು,ಹಾಳಿಡು
ಪಾಡುಗಾರಿಕೆ,ಹಾಡುಗಾರಿಕೆ
ಪೂವಡಿಗ,ಹೂವಡಿಗ
ಪೊಡೆತ,ಹೊಡೆತ
ಪಿಡಿತರ್,ಹಿಡಿತರ್
ಪಿಸುಣ,ಹಿಸುಣ
ಪೊಂಬುರ್ಚ,ಹೊಂಬುರ್ಚ
ಪುರಿಯೋಡು,ಹುರಿಯೋಡು
ಪೊಸಬಗೆ,ಹೊಸಬಗೆ
ಪೊಸಬೇಟ,ಹೊಸಬೇಟ
ಪೊಗು,ಹೊಗು
ಪನ್ನೊಂದು,ಹನ್ನೊಂದು
ಪಾರಿಸು,ಹಾರಿಸು
ಪೊಯಿಸು,ಹೊಯಿಸು
ಪಣೆ,ಹಣೆ
ಪಾಡಿ,ಹಾಡಿ
ಪೆಂಪು,ಹೆಂಪು
ಪಡಿಹಾಱ,ಹಡಿಹಾಱ
ಪರಿಗೋಲು,ಹರಿಗೋಲು
ಪೊಂಬುೞ್ಚ,ಹೊಂಬುೞ್ಚ
ಪೊಸೆ,ಹೊಸೆ
ಪುಡುಕುನೀರ್,ಹುಡುಕುನೀರ್
ಪೊಲಸು,ಹೊಲಸು
ಪೊಂದಟ್ಟೆ,ಹೊಂದಟ್ಟೆ
ಪಲಂಬರ್,ಹಲಂಬರ್
ಪಚ್ಚಡ,ಹಚ್ಚಡ
ಪುಳಿ,ಹುಳಿ
ಪಾಲ್ಗೊಡ,ಹಾಲ್ಗೊಡ
ಪಡಿ,ಹಡಿ
ಪಾಸರೆ,ಹಾಸರೆ
ಪಿಳಿ,ಹಿಳಿ
ಪರೆಗುಟ್ಟು,ಹರೆಗುಟ್ಟು
ಪಾದರ,ಹಾದರ
ಪಿನ್ನೆಲೆ,ಹಿನ್ನೆಲೆ
ಪೊಸಕೆರೆ,ಹೊಸಕೆರೆ
ಪೆರಸಾರ್,ಹೆರಸಾರ್
ಪಲಸು,ಹಲಸು
ಪಿಪ್ಪಲಿ,ಹಿಪ್ಪಲಿ
ಪಲಬರು,ಹಲಬರು
ಪೊಡೆಗೆಡೆ,ಹೊಡೆಗೆಡೆ
ಪಿಡಿಸು,ಹಿಡಿಸು
ಪುಯಿ,ಹುಯಿ
ಪಸಗೊಳಿಸು,ಹಸಗೊಳಿಸು
ಪೊಡೆಚೆಂಡು,ಹೊಡೆಚೆಂಡು
ಪುಗು,ಹುಗು
ಪೊಂಗಿಸು,ಹೊಂಗಿಸು
ಪೂರಣ,ಹೂರಣ
