ಪ,ಹ
ಪೊಟ್ಟು,ಹೊಟ್ಟು
ಪಲವುಮಾತು,ಹಲವುಮಾತು
ಪಚ್ಚಡಗಳು,ಹಚ್ಚಡಗಳು
ಪಿನ್ನೆ,ಹಿನ್ನೆ
ಪೆಗ್ಗಣ,ಹೆಗ್ಗಣ
ಪೇರಿಟ್ಟಿ,ಹೇರಿಟ್ಟಿ
ಪಿಮ್ಬಳಿ,ಹಿಮ್ಬಳಿ
ಪಡವಳ,ಹಡವಳ
ಪೆಸರು,ಹೆಸರು
ಪುಸಿಮಾತು,ಹುಸಿಮಾತು
ಪೇಲು,ಹೇಲು
ಪೊರಿಗೆಗಳು,ಹೊರಿಗೆಗಳು
ಪಲ್,ಹಲ್
ಪದಗಳು,ಹದಗಳು
ಪಡವಳತಿ,ಹಡವಳತಿ
ಪೇಸಿಕೆಗಳು,ಹೇಸಿಕೆಗಳು
ಪೇರೊಡಲು,ಹೇರೊಡಲು
ಪೆಙ್ಗುಸು,ಹೆಙ್ಗುಸು
ಪ್ರದ,ಹ್ರದ
ಪಿಡಿಕಟ್ಟು,ಹಿಡಿಕಟ್ಟು
ಪಾಳುಮನೆ,ಹಾಳುಮನೆ
ಪಾರೆಗಳು,ಹಾರೆಗಳು
ಪಾರಕ,ಹಾರಕ
ಪೊರನೋಟಗಳು,ಹೊರನೋಟಗಳು
ಪಿಡಿಯಾನೆ,ಹಿಡಿಯಾನೆ
ಪರ್ಲು,ಹರ್ಲು
ಪೊರತು,ಹೊರತು
ಪುಡಿಮಣ್ಣು,ಹುಡಿಮಣ್ಣು
ಪೊರೆಗಳು,ಹೊರೆಗಳು
ಪೊನ್ನನ್ದಣ,ಹೊನ್ನನ್ದಣ
ಪುರ,ಹುರ
ಪಱುಗೋಲು,ಹಱುಗೋಲು
ಪೇನ್,ಹೇನ್
ಪಾಗಲ್,ಹಾಗಲ್
ಪೇರಿಕೆ,ಹೇರಿಕೆ
ಪೊರಳಿಸು,ಹೊರಳಿಸು
ಪುಬ್ಬಾ,ಹುಬ್ಬಾ
ಪಲಿ,ಹಲಿ
ಪಂತ,ಹಂತ
ಪುಯ್ಯಲಿಡು,ಹುಯ್ಯಲಿಡು
ಪದ್ದು,ಹದ್ದು
ಪನ್ತಿ,ಹನ್ತಿ
ಪೀಚುಕಾಯಿ,ಹೀಚುಕಾಯಿ
ಪಾಸರೆಗಲ್ಲುಗಳು,ಹಾಸರೆಗಲ್ಲುಗಳು
ಪೊಯಿ,ಹೊಯಿ
ಪರಗು,ಹರಗು
ಪೊರಡು,ಹೊರಡು
ಪಂದಿಮೀನುಗಳು,ಹಂದಿಮೀನುಗಳು
ಪುಗ್ಗು,ಹುಗ್ಗು
ಪೆಣಗಿಸು,ಹೆಣಗಿಸು
ಪನ್ದಿಗಳು,ಹನ್ದಿಗಳು
ಪೇಸಿಗೆ,ಹೇಸಿಗೆ
ಪಕ್ಕೆದಲೆ,ಹಕ್ಕೆದಲೆ
ಪೂಳಿ,ಹೂಳಿ
ಪರಳ್,ಹರಳ್
ಪಿನ್ದಣ,ಹಿನ್ದಣ
ಪೊಗು,ಹೊಗು
ಪುದುಮನೆ,ಹುದುಮನೆ
ಪಾರ್ವ,ಹಾರ್ವ
ಪಿಸುಕು,ಹಿಸುಕು
ಪರೆಗುಟ್ಟು,ಹರೆಗುಟ್ಟು
ಪೀನ,ಹೀನ
ಪೂಡು,ಹೂಡು
ಪತ್ತುಗಳು,ಹತ್ತುಗಳು
ಪೋಬಳಿಗಳು,ಹೋಬಳಿಗಳು
ಪೊಡಕರಿಸು,ಹೊಡಕರಿಸು
ಪಾಯು,ಹಾಯು
ಪೈರಾಣ,ಹೈರಾಣ
ಪೊಳ್ಳು,ಹೊಳ್ಳು
ಪೊರಗೋಟೆ,ಹೊರಗೋಟೆ
ಪರಿವು,ಹರಿವು
ಪಾಳುಬಾವಿಗಳು,ಹಾಳುಬಾವಿಗಳು
ಪರಿಯಿಸು,ಹರಿಯಿಸು
ಪಾಱುಗುಪ್ಪೆ,ಹಾಱುಗುಪ್ಪೆ
ಪಿಡಿತರ್,ಹಿಡಿತರ್
ಪೊಂದೇರ್ಗಳು,ಹೊಂದೇರ್ಗಳು
ಪೊಂದೇರ್,ಹೊಂದೇರ್
ಪೋಳಿಗೆ,ಹೋಳಿಗೆ
ಪಸುರುಡಿಗೆ,ಹಸುರುಡಿಗೆ
ಪೊಲಮೇರೆ,ಹೊಲಮೇರೆ
ಪೆರೆನೊಸಲು,ಹೆರೆನೊಸಲು
ಪಲುಂಬು,ಹಲುಂಬು
ಪುಳು,ಹುಳು
ಪಂಜಿಗಳು,ಹಂಜಿಗಳು
ಪೂತ,ಹೂತ
ಪರಿಗೆಕಾಱ,ಹರಿಗೆಕಾಱ
ಪೂವೀಡು,ಹೂವೀಡು
ಪೆಣ್ಣಿಲಿ,ಹೆಣ್ಣಿಲಿ
ಪನಿಸು,ಹನಿಸು
ಪಿನ್ನೆಲೆ,ಹಿನ್ನೆಲೆ
ಪಚ್ಚಡಿಸು,ಹಚ್ಚಡಿಸು
ಪೊಲ,ಹೊಲ
ಪಸರಿಕೆ,ಹಸರಿಕೆ
ಪಲ್ಲಿ,ಹಲ್ಲಿ
ಪಲ್ಲಿಲಿಬಾಯಿ,ಹಲ್ಲಿಲಿಬಾಯಿ
ಪಿಂದೆ,ಹಿಂದೆ
ಪಲವುಸೂಳ್,ಹಲವುಸೂಳ್
ಪಸುಗೂಸು,ಹಸುಗೂಸು
ಪಿಂಜು,ಹಿಂಜು
ಪಾಳಂಬಡು,ಹಾಳಂಬಡು
ಪರದಿಕೆಗಳು,ಹರದಿಕೆಗಳು
ಪೋತಗಳು,ಹೋತಗಳು
ಪೊಟ್ಟೆಬೇನೆ,ಹೊಟ್ಟೆಬೇನೆ
ಪಡಿಹಾಱ,ಹಡಿಹಾಱ
ಪಟ್ಟಿಯ,ಹಟ್ಟಿಯ
ಪುಳ್ಳಿ,ಹುಳ್ಳಿ
ಪಿಂಡುಗೊಳ್,ಹಿಂಡುಗೊಳ್
ಪೇರುರ,ಹೇರುರ
ಪರವರಿ,ಹರವರಿ
ಪೂಣು,ಹೂಣು
ಪಂದರ್,ಹಂದರ್
ಪರೆಕಾರ,ಹರೆಕಾರ
ಪಾರೆ,ಹಾರೆ
ಪೊಂದುಗೆಗಳು,ಹೊಂದುಗೆಗಳು
ಪಿಮ್ಬಗಲು,ಹಿಮ್ಬಗಲು
ಪೊಙ್ಗದಿರು,ಹೊಙ್ಗದಿರು
ಪಿಡಿಗುದುರೆಗಳು,ಹಿಡಿಗುದುರೆಗಳು
ಪಗವು,ಹಗವು
ಪುಣುಗು,ಹುಣುಗು
ಪೊರಗೆ,ಹೊರಗೆ
ಪುಲಿಮೊಗ,ಹುಲಿಮೊಗ
ಪನ್ದು,ಹನ್ದು
ಪೊದರ್ಗಳು,ಹೊದರ್ಗಳು
ಪಲುಬು,ಹಲುಬು
ಪಿಞ್ಜು,ಹಿಞ್ಜು
ಪರುಗೋಲು,ಹರುಗೋಲು
ಪೆಚ್ಚಳಿಸು,ಹೆಚ್ಚಳಿಸು
ಪೆಣ್ಗಿಳಿ,ಹೆಣ್ಗಿಳಿ
ಪೊಟ್ಟೆಗಳು,ಹೊಟ್ಟೆಗಳು
ಪಳ್ಳಿಕಾಱ,ಹಳ್ಳಿಕಾಱ
ಪಿಂಚೂಣಿ,ಹಿಂಚೂಣಿ
ಪೊಂಗ,ಹೊಂಗ
ಪುಟ್ಟೆ,ಹುಟ್ಟೆ
ಪನ್ದಿ,ಹನ್ದಿ
ಪಾನೆ,ಹಾನೆ
ಪಡಗುಗಳು,ಹಡಗುಗಳು
ಪಾಲು,ಹಾಲು
ಪನ್ದರ,ಹನ್ದರ
ಪಾಳತ,ಹಾಳತ
ಪಗರು,ಹಗರು
ಪೊಂಬೆಳಗು,ಹೊಂಬೆಳಗು
ಪೆಮ್ಮ,ಹೆಮ್ಮ
ಪುಡಿ,ಹುಡಿ
ಪುರಿ,ಹುರಿ
ಪರುಷ,ಹರುಷ
ಪೊಲಗಳು,ಹೊಲಗಳು
ಪೆಣ್ಡತಿ,ಹೆಣ್ಡತಿ
ಪಾಡಗ,ಹಾಡಗ
ಪೊಮ್ಬೆಟ್ಟ,ಹೊಮ್ಬೆಟ್ಟ
ಪಱುಗೋಲ್,ಹಱುಗೋಲ್
ಪೋರ್,ಹೋರ್
ಪೂಳ್,ಹೂಳ್
ಪಲ,ಹಲ
ಪಾಯಿಸು,ಹಾಯಿಸು
ಪಡಹು,ಹಡಹು
ಪದಿನೇಳ್,ಹದಿನೇಳ್
ಪೆಣಿಗೆ,ಹೆಣಿಗೆ
ಪಸಿ,ಹಸಿ
ಪೆಟ್ಟ,ಹೆಟ್ಟ
ಪರದು,ಹರದು
ಪಿನ್ದುಳಿ,ಹಿನ್ದುಳಿ
ಪೆಟ್ಟು,ಹೆಟ್ಟು
ಪಳಮೊರೆ,ಹಳಮೊರೆ
ಪಂದರುಗಳು,ಹಂದರುಗಳು
ಪೊರಸುಗಳು,ಹೊರಸುಗಳು
ಪಸುಂಬೆ,ಹಸುಂಬೆ
ಪೆಂಜಱ,ಹೆಂಜಱ
ಪಾಗು,ಹಾಗು
ಪದಿನಯ್ದು,ಹದಿನಯ್ದು
ಪೂದೋಣ್ಟ,ಹೂದೋಣ್ಟ
ಪರತೆ,ಹರತೆ
ಪತ್ತಿಗ,ಹತ್ತಿಗ
ಪಡಿಯರ,ಹಡಿಯರ
ಪೋಲುವೆ,ಹೋಲುವೆ
ಪಳಬ,ಹಳಬ
ಪೊದರೇಳ್,ಹೊದರೇಳ್
ಪಟ್ಟಿಗಳು,ಹಟ್ಟಿಗಳು
ಪುಣಿಸೆ,ಹುಣಿಸೆ
ಪಣ್ಣೆ,ಹಣ್ಣೆ
ಪೊಗರೆತ್ತು,ಹೊಗರೆತ್ತು
ಪೊಳಲು,ಹೊಳಲು
ಪಡಿಗಳು,ಹಡಿಗಳು
ಪಾಕಿ,ಹಾಕಿ
ಪಳಸು,ಹಳಸು
ಪಿನ್ದಿರುಗು,ಹಿನ್ದಿರುಗು
ಪೇಡಿ,ಹೇಡಿ
ಪಿರಿಯಣ್ಣ,ಹಿರಿಯಣ್ಣ
ಪೂಗಿಡ,ಹೂಗಿಡ
ಪಗೆವ,ಹಗೆವ
ಪೊದೆಗೆದರು,ಹೊದೆಗೆದರು
ಪುರುಡು,ಹುರುಡು
ಪಾಲ್ಗುಂಬಳ,ಹಾಲ್ಗುಂಬಳ
ಪುವ್ವು,ಹುವ್ವು
ಪವ,ಹವ
ಪಡಿ,ಹಡಿ
ಪಲಂಬರ್,ಹಲಂಬರ್
ಪದಿರು,ಹದಿರು
ಪಚ್ಚ,ಹಚ್ಚ
ಪೂಜೆಗಳು,ಹೂಜೆಗಳು
ಪೊಂಬಣ್ಣ,ಹೊಂಬಣ್ಣ
ಪುತ್ತ,ಹುತ್ತ
ಪೀಲಿ,ಹೀಲಿ
ಪಸಗೆಡು,ಹಸಗೆಡು
ಪಾಳ್ಗರೆ,ಹಾಳ್ಗರೆ
ಪಸಿವು,ಹಸಿವು
ಪಿತ್ತಿಲ್,ಹಿತ್ತಿಲ್
ಪೊಸಮನೆ,ಹೊಸಮನೆ
ಪುಲುಸು,ಹುಲುಸು
ಪೊಕ್ಕಳು,ಹೊಕ್ಕಳು
ಪುರುಳುಗೆಡಿಸು,ಹುರುಳುಗೆಡಿಸು
ಪತ್ತೆ,ಹತ್ತೆ
ಪಾಲ್ಗುಮ್ಬಳ,ಹಾಲ್ಗುಮ್ಬಳ
ಪಗೆವು,ಹಗೆವು
ಪುಲಿದೊಗಲು,ಹುಲಿದೊಗಲು
ಪೊರವೀಡು,ಹೊರವೀಡು
ಪೊಳ್ಳೆ,ಹೊಳ್ಳೆ
ಪುಚ್ಚುಗೊಳ್,ಹುಚ್ಚುಗೊಳ್
ಪನ್ನಸು,ಹನ್ನಸು
ಪಡಗು,ಹಡಗು
ಪಿತ್ತಲ್,ಹಿತ್ತಲ್
ಪರವಾದ,ಹರವಾದ
ಪಿಙ್ಗಿಸು,ಹಿಙ್ಗಿಸು
ಪಾಲುಪೊಙ್ಗಲು,ಹಾಲುಪೊಙ್ಗಲು
ಪೊಸಮುತ್ತುಗಳು,ಹೊಸಮುತ್ತುಗಳು
ಪುಟ್ಟು,ಹುಟ್ಟು
ಪೇಸೇಳ್,ಹೇಸೇಳ್
ಪಿಡಿಗೋಲುಗಳು,ಹಿಡಿಗೋಲುಗಳು
ಪೊತ್ತಾರೆ,ಹೊತ್ತಾರೆ
ಪರುಣೆ,ಹರುಣೆ
ಪೊಂಬುಗುರಿಗಳು,ಹೊಂಬುಗುರಿಗಳು
ಪಿಣ್ಡುಗೊಳ್,ಹಿಣ್ಡುಗೊಳ್
ಪೊಯಿಸು,ಹೊಯಿಸು
ಪೊದಕುಳಿಗೊಳ್,ಹೊದಕುಳಿಗೊಳ್
ಪೊಣರು,ಹೊಣರು
ಪನ್ದುಗಳು,ಹನ್ದುಗಳು
ಪೊನ್ನವಸ್ತ್ರ,ಹೊನ್ನವಸ್ತ್ರ
ಪರಳುಗಲ್ಲು,ಹರಳುಗಲ್ಲು
ಪೊರಜೆ,ಹೊರಜೆ
ಪೊಸತಾಗಿ,ಹೊಸತಾಗಿ
ಪಡುಕು,ಹಡುಕು
ಪೂ,ಹೂ
ಪೊರಕಯ್,ಹೊರಕಯ್
ಪುೞು,ಹುೞು
ಪಿಙ್ಗತೆ,ಹಿಙ್ಗತೆ
ಪೂಣಿಕೆ,ಹೂಣಿಕೆ
ಪೊರಮಾರು,ಹೊರಮಾರು
ಪಣಗಳು,ಹಣಗಳು
ಪೊಲೆವೆಣ್,ಹೊಲೆವೆಣ್
ಪೊಂ,ಹೊಂ
ಪೊರಯಿಙ್ಕೆ,ಹೊರಯಿಙ್ಕೆ
ಪಾಗದ,ಹಾಗದ
ಪೊರ್ಕುಳಿಗಳು,ಹೊರ್ಕುಳಿಗಳು
ಪಣ್ಣಾಗು,ಹಣ್ಣಾಗು
ಪೊದರುಗಳು,ಹೊದರುಗಳು
ಪೇರಿ,ಹೇರಿ
ಪಿ,ಹಿ
ಪೊಡೆಸೆಣ್ಡಾಡು,ಹೊಡೆಸೆಣ್ಡಾಡು
ಪುರು,ಹುರು
ಪಚ್ಚಿ,ಹಚ್ಚಿ
ಪೇಲ್,ಹೇಲ್
ಪೊಸತುಪ್ಪ,ಹೊಸತುಪ್ಪ
ಪುಡಿಮಾಡು,ಹುಡಿಮಾಡು
ಪುದೆ,ಹುದೆ
ಪೊರವಣ್ಡು,ಹೊರವಣ್ಡು
ಪೆರ್ವಾರುವ,ಹೆರ್ವಾರುವ
ಪಗೆವುಗಳು,ಹಗೆವುಗಳು
ಪಿನ್ನೆಲೆಗಳು,ಹಿನ್ನೆಲೆಗಳು
ಪಡಿಯದೆ,ಹಡಿಯದೆ
ಪಣದ,ಹಣದ
ಪಿಡಿತೆ,ಹಿಡಿತೆ
ಪೇಳಿಸು,ಹೇಳಿಸು
ಪೊಙ್ಗೋಣ್ಟೆ,ಹೊಙ್ಗೋಣ್ಟೆ
ಪಳಿ,ಹಳಿ
ಪೂಗು,ಹೂಗು
ಪೊಳ್ಳಿಸು,ಹೊಳ್ಳಿಸು
ಪುಣುಬು,ಹುಣುಬು
ಪಗವುಗಳು,ಹಗವುಗಳು
ಪೊಙ್ಗೆಜ್ಜೆ,ಹೊಙ್ಗೆಜ್ಜೆ
ಪೊಗಳಿಕೆ,ಹೊಗಳಿಕೆ
ಪಿಂದಕ್ಕು,ಹಿಂದಕ್ಕು
ಪೆರಹೋಗು,ಹೆರಹೋಗು
ಪಂದರ,ಹಂದರ
ಪೆದರು,ಹೆದರು
ಪಿರಿಯರಸಿ,ಹಿರಿಯರಸಿ
ಪಾಸುವಲೆ,ಹಾಸುವಲೆ
ಪುದುಙ್ಗು,ಹುದುಙ್ಗು
ಪಗಿನು,ಹಗಿನು
ಪದಿನಾಲ್ಕು,ಹದಿನಾಲ್ಕು
ಪಸುರ್ಗೂಳು,ಹಸುರ್ಗೂಳು
ಪಿಣಿ,ಹಿಣಿ
ಪದಡುಗಳು,ಹದಡುಗಳು
ಪಾಡುಗಾಯಿ,ಹಾಡುಗಾಯಿ
ಪಿಂದೆಸೆ,ಹಿಂದೆಸೆ
ಪೇಸಿಗೆಗಳು,ಹೇಸಿಗೆಗಳು
ಪೂಮಾಲೆಗಾರ್ತಿ,ಹೂಮಾಲೆಗಾರ್ತಿ
ಪೆಸರ್ಗೊಳ್,ಹೆಸರ್ಗೊಳ್
ಪಿಂಗುಡಿ,ಹಿಂಗುಡಿ
ಪಂದಿಗಳು,ಹಂದಿಗಳು
ಪಗೆಯ,ಹಗೆಯ
ಪಂದರಗಳು,ಹಂದರಗಳು
ಪಳಂಚು,ಹಳಂಚು
ಪಾಸರೆಗಲ್ಲು,ಹಾಸರೆಗಲ್ಲು
ಪತ್ತಿರ,ಹತ್ತಿರ
ಪಡ್ಡಲಿಗೆ,ಹಡ್ಡಲಿಗೆ
ಪೊನ್ನುಯ್ಯಲ್,ಹೊನ್ನುಯ್ಯಲ್
ಪಾಳ್ಮನೆ,ಹಾಳ್ಮನೆ
ಪೊಱಗಡೆ,ಹೊಱಗಡೆ
ಪೊಸತಿಲು,ಹೊಸತಿಲು
ಪಿನ್ದಿರಿಸು,ಹಿನ್ದಿರಿಸು
ಪುಲ್ಲು,ಹುಲ್ಲು
ಪದುಳಿಗ,ಹದುಳಿಗ
ಪಲ್ಲಿಲಿ,ಹಲ್ಲಿಲಿ
ಪತ್ರ,ಹತ್ರ
ಪೊನ್ನೋಲೆ,ಹೊನ್ನೋಲೆ
ಪೊಗಳ್ಕೆ,ಹೊಗಳ್ಕೆ
ಪಿಳಿ,ಹಿಳಿ
ಪಸುರುಡೆ,ಹಸುರುಡೆ
ಪಿರಿಯಯ್ಯ,ಹಿರಿಯಯ್ಯ
ಪಿನ್ದುಗಳೆ,ಹಿನ್ದುಗಳೆ
ಪೊರಬಿಗ,ಹೊರಬಿಗ
ಪರುವ,ಹರುವ
ಪೊಲಸು,ಹೊಲಸು
ಪೊಸಗೆ,ಹೊಸಗೆ
ಪಾರಯ್ಸು,ಹಾರಯ್ಸು
ಪೊಡವಡಿಸು,ಹೊಡವಡಿಸು
ಪದುಳಿಸು,ಹದುಳಿಸು
ಪಾಲುಮಡ್ಡಿ,ಹಾಲುಮಡ್ಡಿ
ಪೇರ,ಹೇರ
ಪಾಡುಗಾರಿಕೆ,ಹಾಡುಗಾರಿಕೆ
ಪಡಿಯಱ,ಹಡಿಯಱ
ಪಳಗನ್ನಡ,ಹಳಗನ್ನಡ
ಪರದ,ಹರದ
ಪೊಂಬಸಿರು,ಹೊಂಬಸಿರು
ಪೊದರುಗೊಳ್,ಹೊದರುಗೊಳ್
ಪೊರಿ,ಹೊರಿ
ಪದುಳಿದ,ಹದುಳಿದ
ಪಸುಗೆಗಳು,ಹಸುಗೆಗಳು
ಪೆಜ್ಜೆ,ಹೆಜ್ಜೆ
ಪೊಳಲಿ,ಹೊಳಲಿ
ಪನಿ,ಹನಿ
ಪೆಚ್ಚಳ,ಹೆಚ್ಚಳ
ಪಂದರ್ಗಳು,ಹಂದರ್ಗಳು
ಪುಡೆಯ,ಹುಡೆಯ
ಪಾರ,ಹಾರ
ಪಾಲ್ಗುಡಿ,ಹಾಲ್ಗುಡಿ
ಪಳುವ,ಹಳುವ
ಪಾಳಿ,ಹಾಳಿ
ಪೊಲಬು,ಹೊಲಬು
ಪುಲ್ಲಿಗೆ,ಹುಲ್ಲಿಗೆ
ಪಂದ,ಹಂದ
ಪಸುಗೆಗೊಳ್,ಹಸುಗೆಗೊಳ್
ಪೊಡೆತ,ಹೊಡೆತ
ಪೇರ್,ಹೇರ್
ಪಿಸಿ,ಹಿಸಿ
ಪು,ಹು
ಪುಳಿಸೆ,ಹುಳಿಸೆ
ಪೊಂಬೆಟ್ಟಗಳು,ಹೊಂಬೆಟ್ಟಗಳು
ಪಡಿಕಿ,ಹಡಿಕಿ
ಪೊಸಬೇಟಗಳು,ಹೊಸಬೇಟಗಳು
ಪಲಗಳು,ಹಲಗಳು
ಪಱುಕ,ಹಱುಕ
ಪಿಮ್ಮಡ,ಹಿಮ್ಮಡ
ಪೆಪ್ಪಳಿಸು,ಹೆಪ್ಪಳಿಸು
ಪೇರರಿಕೆ,ಹೇರರಿಕೆ
ಪೊಂಬೆಟ್ಟ,ಹೊಂಬೆಟ್ಟ
ಪರವಸ,ಹರವಸ
ಪೇರಿಸು,ಹೇರಿಸು
ಪುಣುಸೆ,ಹುಣುಸೆ
ಪಡು,ಹಡು
ಪಾಲ್ದೊರೆ,ಹಾಲ್ದೊರೆ
ಪಿನ್ತಿಕ್ಕು,ಹಿನ್ತಿಕ್ಕು
ಪೆಂಡ,ಹೆಂಡ
ಪಾಳಿಗೆಡು,ಹಾಳಿಗೆಡು
ಪನ್ನೆರಡು,ಹನ್ನೆರಡು
ಪೆಡಲು,ಹೆಡಲು
ಪೋತು,ಹೋತು
ಪಕ್ಕೆ,ಹಕ್ಕೆ
ಪಣ,ಹಣ
ಪೂಮಳೆ,ಹೂಮಳೆ
ಪಣಿಗೆಗಳು,ಹಣಿಗೆಗಳು
ಪಾಳೆಯ,ಹಾಳೆಯ
ಪಸುಬೆ,ಹಸುಬೆ
ಪೊಂಬಾೞೆ,ಹೊಂಬಾೞೆ
ಪಾರಾಟ,ಹಾರಾಟ
ಪೊದಕೆ,ಹೊದಕೆ
ಪೊಗೆಗುಡಿ,ಹೊಗೆಗುಡಿ
ಪದುಳಗಳು,ಹದುಳಗಳು
ಪೊರವಳಯ,ಹೊರವಳಯ
ಪೆಮ್ಮೆ,ಹೆಮ್ಮೆ
ಪೊರವಾರುಗಳು,ಹೊರವಾರುಗಳು
ಪುಬ್ಬು,ಹುಬ್ಬು
ಪಳವು,ಹಳವು
ಪೃಷ್ಟ,ಹೃಷ್ಟ
ಪಟಗಳು,ಹಟಗಳು
ಪೊಲ್ಲಮೆ,ಹೊಲ್ಲಮೆ
ಪೂವಳೆ,ಹೂವಳೆ
ಪೂಚೆಂಡು,ಹೂಚೆಂಡು
ಪಿಡಿಗೋಲು,ಹಿಡಿಗೋಲು
ಪಗಲೆರೆಯ,ಹಗಲೆರೆಯ
ಪಚ್ಚನೆಯ,ಹಚ್ಚನೆಯ
ಪಾಱಾಟ,ಹಾಱಾಟ
ಪಿಂಗ,ಹಿಂಗ
ಪಂಚಿಗ,ಹಂಚಿಗ
ಪೊಡವಡು,ಹೊಡವಡು
ಪೊಂದಿಗೆ,ಹೊಂದಿಗೆ
ಪೇಳ್,ಹೇಳ್
ಪದಿನೆಂಟು,ಹದಿನೆಂಟು
ಪಲಕಾಲ,ಹಲಕಾಲ
ಪೆಗ್ಗ,ಹೆಗ್ಗ
ಪೊನ್ದು,ಹೊನ್ದು
ಪೆಳವ,ಹೆಳವ
ಪೆಙ್ಗೂಸು,ಹೆಙ್ಗೂಸು
ಪುಣ್ಣುಮೆ,ಹುಣ್ಣುಮೆ
ಪಚ್ಚುಗೆ,ಹಚ್ಚುಗೆ
ಪಗಲು,ಹಗಲು
ಪಿನ್ತೆ,ಹಿನ್ತೆ
ಪಿಂಡಿಕೆ,ಹಿಂಡಿಕೆ
ಪರದೆ,ಹರದೆ
ಪೇಡಿತನ,ಹೇಡಿತನ
ಪೆರತು,ಹೆರತು
ಪೊನ್ನಗನ್ನೆ,ಹೊನ್ನಗನ್ನೆ
ಪಿಂಗಿಸು,ಹಿಂಗಿಸು
ಪಾದಿ,ಹಾದಿ
ಪಾಲಿ,ಹಾಲಿ
ಪಿಂಡಿ,ಹಿಂಡಿ
ಪಡಪಾಳಿ,ಹಡಪಾಳಿ
ಪಿಣಿಲು,ಹಿಣಿಲು
ಪಿಙ್ಗು,ಹಿಙ್ಗು
ಪೆಡ,ಹೆಡ
ಪುರುಕು,ಹುರುಕು
ಪೆಣ,ಹೆಣ
ಪರೆ,ಹರೆ
ಪೊಮ್ಮು,ಹೊಮ್ಮು
ಪಗೆಗಳು,ಹಗೆಗಳು
ಪೂವಲಿ,ಹೂವಲಿ
ಪುರುಳಿ,ಹುರುಳಿ
ಪೋಬಳಿ,ಹೋಬಳಿ
ಪಿಂಗು,ಹಿಂಗು
ಪೇಯಗಳು,ಹೇಯಗಳು
ಪುಣ್ಣವೆ,ಹುಣ್ಣವೆ
ಪೆಬ್ಬಾವು,ಹೆಬ್ಬಾವು
ಪಸುರ್ನೆಲ,ಹಸುರ್ನೆಲ
ಪರಿಕೆ,ಹರಿಕೆ
ಪೊದಿಕೆ,ಹೊದಿಕೆ
ಪೂವು,ಹೂವು
ಪೊಯ್ಲು,ಹೊಯ್ಲು
ಪೊಲಸುನಾರು,ಹೊಲಸುನಾರು
ಪಾಲ್ಮೊಸರು,ಹಾಲ್ಮೊಸರು
ಪೊಙ್ಗೆಲಸ,ಹೊಙ್ಗೆಲಸ
ಪುಣ್,ಹುಣ್
ಪೇದೆಗಳು,ಹೇದೆಗಳು
ಪೊತ್ತುಗಳೆ,ಹೊತ್ತುಗಳೆ
ಪಂತಗಳು,ಹಂತಗಳು
ಪೋಡು,ಹೋಡು
ಪರಿಗೆ,ಹರಿಗೆ
ಪೆಟ್ಟಿಗೆಗಳು,ಹೆಟ್ಟಿಗೆಗಳು
ಪಿಳಿಲು,ಹಿಳಿಲು
ಪೊಡೆಸೆಣ್ಡು,ಹೊಡೆಸೆಣ್ಡು
ಪೊರನೋಟ,ಹೊರನೋಟ
ಪೊರವಲಯ,ಹೊರವಲಯ
ಪಣ್ಣುಗಳು,ಹಣ್ಣುಗಳು
ಪಿಂಡು,ಹಿಂಡು
ಪಳವಿಗೆ,ಹಳವಿಗೆ
ಪಾಳುಮನೆಗಳು,ಹಾಳುಮನೆಗಳು
ಪುಟ್ಟರಿವು,ಹುಟ್ಟರಿವು
ಪೊಂದುಗೆ,ಹೊಂದುಗೆ
ಪಂದಿಮೀನು,ಹಂದಿಮೀನು
ಪೊನ್ನಂಬು,ಹೊನ್ನಂಬು
ಪಿನ್ತಿರುಗು,ಹಿನ್ತಿರುಗು
ಪಳದು,ಹಳದು
ಪಸುಮಗ,ಹಸುಮಗ
ಪಾಳಮ್ಬಡು,ಹಾಳಮ್ಬಡು
ಪೊಂಬುೞ್ಚ,ಹೊಂಬುೞ್ಚ
ಪೆಣ್ಮೀನ್,ಹೆಣ್ಮೀನ್
ಪೊಸತಿಲ್,ಹೊಸತಿಲ್
ಪಿಞ್ಚು,ಹಿಞ್ಚು
ಪುದುಗಿಸು,ಹುದುಗಿಸು
ಪೊಮ್ಮಳೆ,ಹೊಮ್ಮಳೆ
ಪರಿಗೆಕಾರ,ಹರಿಗೆಕಾರ
ಪರಿದಾರಿ,ಹರಿದಾರಿ
ಪರಿಗೆಡು,ಹರಿಗೆಡು
ಪಿನ್ನೋಟ,ಹಿನ್ನೋಟ
ಪರಿದಲೆ,ಹರಿದಲೆ
ಪಚ್ಚಡ,ಹಚ್ಚಡ
ಪಡಪಾಳಿಗಳು,ಹಡಪಾಳಿಗಳು
ಪಳಚು,ಹಳಚು
ಪಳಿವು,ಹಳಿವು
ಪೆರಮೆಟ್ಟು,ಹೆರಮೆಟ್ಟು
ಪಗರಣ,ಹಗರಣ
ಪೆಣಗು,ಹೆಣಗು
ಪಿನ್ನೋಟಗಳು,ಹಿನ್ನೋಟಗಳು
ಪಸರಿಸು,ಹಸರಿಸು
ಪೊಂಗೋಂಟೆ,ಹೊಂಗೋಂಟೆ
ಪಗೆಗೊಳ್,ಹಗೆಗೊಳ್
ಪುಲಿಗಿಲ್,ಹುಲಿಗಿಲ್
ಪಂಡ,ಹಂಡ
ಪೊಂಬುರ್ಚ,ಹೊಂಬುರ್ಚ
ಪೊರಸೂಸು,ಹೊರಸೂಸು
ಪಿಳುಕು,ಹಿಳುಕು
ಪೂಳು,ಹೂಳು
ಪೊಡೆಸೆಂಡಾಡು,ಹೊಡೆಸೆಂಡಾಡು
ಪಬ್ಬಗಳು,ಹಬ್ಬಗಳು
ಪೊಯ್ದು,ಹೊಯ್ದು
ಪಾಲಿಗೆ,ಹಾಲಿಗೆ
ಪರಟೆ,ಹರಟೆ
ಪೆದ್ದೊರೆ,ಹೆದ್ದೊರೆ
ಪರಡು,ಹರಡು
ಪೊಮ್ಬಿಸಿಲು,ಹೊಮ್ಬಿಸಿಲು
ಪುಡುಕು,ಹುಡುಕು
ಪಡಲಿಗೆ,ಹಡಲಿಗೆ
ಪೂದೊಡಿಗೆ,ಹೂದೊಡಿಗೆ
ಪೊಯ್,ಹೊಯ್
ಪೊರತೆಗೆ,ಹೊರತೆಗೆ
ಪದಿರುಗಳು,ಹದಿರುಗಳು
ಪೊನ್ದಟ್ಟೆ,ಹೊನ್ದಟ್ಟೆ
ಪೆಣೆ,ಹೆಣೆ
ಪಿಂಡುಮಾತು,ಹಿಂಡುಮಾತು
ಪೊಲಗೆಡಿಸು,ಹೊಲಗೆಡಿಸು
ಪೆಟ್ಟೆ,ಹೆಟ್ಟೆ
ಪೊಳಲಿನ,ಹೊಳಲಿನ
ಪನ್ನ,ಹನ್ನ
ಪಾಸಿ,ಹಾಸಿ
ಪಾತೆ,ಹಾತೆ
ಪಸರಿಗ,ಹಸರಿಗ
ಪಲ್ಗಡಿ,ಹಲ್ಗಡಿ
ಪದವಳೆ,ಹದವಳೆ
ಪಸಿಯಿಸು,ಹಸಿಯಿಸು
ಪಳವೆ,ಹಳವೆ
ಪುಳಿಯನ್ನ,ಹುಳಿಯನ್ನ
ಪಲವು,ಹಲವು
ಪಾರಾಡು,ಹಾರಾಡು
ಪದಬೆದೆಗಳು,ಹದಬೆದೆಗಳು
ಪಣಿ,ಹಣಿ
ಪಿರಿತನ,ಹಿರಿತನ
ಪೊದಕುಳಿ,ಹೊದಕುಳಿ
ಪೋತ,ಹೋತ
ಪೊರೆಯಾಳ್,ಹೊರೆಯಾಳ್
ಪೆಣ್ಣೊಡಲ್,ಹೆಣ್ಣೊಡಲ್
ಪಾಳ್ಗೆಯ್,ಹಾಳ್ಗೆಯ್
ಪೊಳಚು,ಹೊಳಚು
ಪಂದಲೆ,ಹಂದಲೆ
ಪೆಗಲು,ಹೆಗಲು
ಪುಟ್ಟಿಗೆ,ಹುಟ್ಟಿಗೆ
ಪೊಣಿಕೆ,ಹೊಣಿಕೆ
ಪುದುಂಗು,ಹುದುಂಗು
ಪೆಣ್ಣುಡೆ,ಹೆಣ್ಣುಡೆ
ಪುರಿಗೊಳಿಸು,ಹುರಿಗೊಳಿಸು
ಪೊಙ್ಗೊಡೆ,ಹೊಙ್ಗೊಡೆ
ಪಡೆಯುವಿಕೆಗಳು,ಹಡೆಯುವಿಕೆಗಳು
ಪೆಮ್ಪು,ಹೆಮ್ಪು
ಪಿಸುಗು,ಹಿಸುಗು
ಪುಂಡಿ,ಹುಂಡಿ
ಪೇರಡವಿ,ಹೇರಡವಿ
ಪಸುಳೆ,ಹಸುಳೆ
ಪಣಗಾರ,ಹಣಗಾರ
ಪಚ್ಚುಗೆಗಳು,ಹಚ್ಚುಗೆಗಳು
ಪಂದೊಗಲ್,ಹಂದೊಗಲ್
ಪೋಗು,ಹೋಗು
ಪಾದ,ಹಾದ
ಪೊಂದಟ್ಟೆಗಳು,ಹೊಂದಟ್ಟೆಗಳು
ಪಾಯ್ಕು,ಹಾಯ್ಕು
ಪಲಬರು,ಹಲಬರು
ಪೊಮ್ಬಾಳೆ,ಹೊಮ್ಬಾಳೆ
ಪೊಗಳ್ತೆ,ಹೊಗಳ್ತೆ
ಪೊಸವೆಣ್,ಹೊಸವೆಣ್
ಪೇನು,ಹೇನು
ಪೊರ್ಕುಳಿ,ಹೊರ್ಕುಳಿ
ಪುಟ್ಟಿಗೆಗಳು,ಹುಟ್ಟಿಗೆಗಳು
ಪದಡು,ಹದಡು
ಪಿಪ್ಪಲಿ,ಹಿಪ್ಪಲಿ
ಪೇಕುಳಿಗಳು,ಹೇಕುಳಿಗಳು
ಪೆರರ,ಹೆರರ
ಪುರುಳ್,ಹುರುಳ್
ಪರಳು,ಹರಳು
ಪೊಂಬಟ್ಟೆ,ಹೊಂಬಟ್ಟೆ
ಪೆಂಗಸು,ಹೆಂಗಸು
ಪನ್ದೆ,ಹನ್ದೆ
ಪೆರ್ಮಗ,ಹೆರ್ಮಗ
ಪೂಟ,ಹೂಟ
ಪೂರಿಗೆ,ಹೂರಿಗೆ
ಪಸನ,ಹಸನ
ಪೋರಟೆಗಳು,ಹೋರಟೆಗಳು
ಪಿಣ್ಡು,ಹಿಣ್ಡು
ಪಡಿಮೊಗ,ಹಡಿಮೊಗ
ಪೊಲಿಗೆಗಳು,ಹೊಲಿಗೆಗಳು
ಪಾರು,ಹಾರು
ಪಲ್ಯಗಳು,ಹಲ್ಯಗಳು
ಪಸುಳ,ಹಸುಳ
ಪಾಕು,ಹಾಕು
ಪೊಙ್ಗು,ಹೊಙ್ಗು
ಪುಂಚ,ಹುಂಚ
ಪೆಂಟೆಗಳು,ಹೆಂಟೆಗಳು
ಪೇಸು,ಹೇಸು
ಪೆರತೆಗೆ,ಹೆರತೆಗೆ
ಪಗವ,ಹಗವ
ಪ್ಯಾಟ್,ಹ್ಯಾಟ್
ಪೊಳ್ಳೆಗಳು,ಹೊಳ್ಳೆಗಳು
ಪಾಳ್ಮನೆಗಳು,ಹಾಳ್ಮನೆಗಳು
ಪೇರಾಳುಗಳು,ಹೇರಾಳುಗಳು
ಪೊಂಬರಹಗಳು,ಹೊಂಬರಹಗಳು
ಪುಳಿದೇಗು,ಹುಳಿದೇಗು
ಪೋಲ್ವೆ,ಹೋಲ್ವೆ
ಪಿರಿಯೀಚಲ್,ಹಿರಿಯೀಚಲ್
ಪರ್ದು,ಹರ್ದು
ಪಾಳುಗೆಡವು,ಹಾಳುಗೆಡವು
ಪೋಕ,ಹೋಕ
ಪುಲಿಗಿಲು,ಹುಲಿಗಿಲು
ಪೊಚ್ಚ,ಹೊಚ್ಚ
ಪಾಲ್ಕೊಡ,ಹಾಲ್ಕೊಡ
ಪಿರಿಯ,ಹಿರಿಯ
ಪೊಸಸಕ್ಕರೆ,ಹೊಸಸಕ್ಕರೆ
ಪೊಮ್ಬೊಮ್ಬೆ,ಹೊಮ್ಬೊಮ್ಬೆ
ಪುಸಿಗ,ಹುಸಿಗ
ಪೊಟ್ಟಿಗಳು,ಹೊಟ್ಟಿಗಳು
ಪಳು,ಹಳು
ಪೆಜ್ಜುಂಕ,ಹೆಜ್ಜುಂಕ
ಪೊಡೆಚೆಂಡು,ಹೊಡೆಚೆಂಡು
ಪೊಂಬಣ್ಣಗಳು,ಹೊಂಬಣ್ಣಗಳು
ಪಿಂತಿಕ್ಕು,ಹಿಂತಿಕ್ಕು
ಪಾಸುಮಣೆ,ಹಾಸುಮಣೆ
ಪೂವಿನಮಳೆ,ಹೂವಿನಮಳೆ
ಪಲಗೆ,ಹಲಗೆ
ಪೊನ್ನೆ,ಹೊನ್ನೆ
ಪಱುಣಿ,ಹಱುಣಿ
ಪೊತ್ತು,ಹೊತ್ತು
ಪಾಳೆ,ಹಾಳೆ
ಪಂದಲು,ಹಂದಲು
ಪನ್ನೊಂದು,ಹನ್ನೊಂದು
ಪೊಗರಿಡು,ಹೊಗರಿಡು
ಪೊರಳು,ಹೊರಳು
ಪಸಾದ,ಹಸಾದ
ಪಿಙ್ಗುಡಿ,ಹಿಙ್ಗುಡಿ
ಪಾಲ್ಗಡಲು,ಹಾಲ್ಗಡಲು
ಪೊಗರಾನ್,ಹೊಗರಾನ್
ಪೊದ್ದಿಗೆ,ಹೊದ್ದಿಗೆ
ಪೊಸಕೆರೆ,ಹೊಸಕೆರೆ
ಪರಿವಾಯ್,ಹರಿವಾಯ್
ಪಿಳಿಕು,ಹಿಳಿಕು
ಪೇಳಿ,ಹೇಳಿ
ಪುದಿ,ಹುದಿ
ಪೆಡಸು,ಹೆಡಸು
ಪಾವಾಡಿಗ,ಹಾವಾಡಿಗ
ಪಾಲುಣ್ಡೆ,ಹಾಲುಣ್ಡೆ
ಪುಟ್ಟಗೆ,ಹುಟ್ಟಗೆ
ಪರವಿ,ಹರವಿ
ಪೋರಿ,ಹೋರಿ
ಪಲ್ಗಚ್ಚು,ಹಲ್ಗಚ್ಚು
ಪಳೆಗನ್ನಡ,ಹಳೆಗನ್ನಡ
ಪೊಳೆ,ಹೊಳೆ
ಪೊಂಗೆಲಸ,ಹೊಂಗೆಲಸ
ಪೊದಕೆಗಳು,ಹೊದಕೆಗಳು
ಪೊದಪು,ಹೊದಪು
ಪೋಲಿಸು,ಹೋಲಿಸು
ಪೊದಪುಗಳು,ಹೊದಪುಗಳು
ಪೊಣೆಗಾರ,ಹೊಣೆಗಾರ
ಪೊಚ್ಚು,ಹೊಚ್ಚು
ಪಲ್ಲಣ,ಹಲ್ಲಣ
ಪಿಮ್ಮುಖ,ಹಿಮ್ಮುಖ
ಪೂಣಿ,ಹೂಣಿ
ಪೊಮ್ಬಣ್ಣ,ಹೊಮ್ಬಣ್ಣ
ಪಿಡಿತ,ಹಿಡಿತ
ಪೊಣೆಯಾಗು,ಹೊಣೆಯಾಗು
ಪೊಱಸು,ಹೊಱಸು
ಪಿಳ್ಕು,ಹಿಳ್ಕು
ಪೊಡೆಮಗುಚು,ಹೊಡೆಮಗುಚು
ಪಡಲುಗಳು,ಹಡಲುಗಳು
ಪೀರೆ,ಹೀರೆ
ಪೊಂಗು,ಹೊಂಗು
ಪಾಡುಗ,ಹಾಡುಗ
ಪಾಲ್ಗೊಡ,ಹಾಲ್ಗೊಡ
ಪಂದಲೆಗಳು,ಹಂದಲೆಗಳು
ಪೆಣಗಾಟ,ಹೆಣಗಾಟ
ಪೊಸಬಗೆ,ಹೊಸಬಗೆ
ಪೇಟೆಗಳು,ಹೇಟೆಗಳು
ಪೆರಸಾರ್,ಹೆರಸಾರ್
ಪೊಟ್ಟುಗ,ಹೊಟ್ಟುಗ
ಪಿಮ್ಮಡಿ,ಹಿಮ್ಮಡಿ
ಪಸೆ,ಹಸೆ
ಪೊನ್ನಂದಣ,ಹೊನ್ನಂದಣ
ಪೊಣಕೆ,ಹೊಣಕೆ
ಪಾಡುಗಾರ,ಹಾಡುಗಾರ
ಪೊನಲು,ಹೊನಲು
ಪಪ್ಪಳ,ಹಪ್ಪಳ
ಪೆಡಗೆ,ಹೆಡಗೆ
ಪೂಗೊಞ್ಚಲು,ಹೂಗೊಞ್ಚಲು
ಪಿಡಿಯಮ್ಬು,ಹಿಡಿಯಮ್ಬು
ಪಕ್ಕೆಮನೆ,ಹಕ್ಕೆಮನೆ
ಪೊಳಪು,ಹೊಳಪು
ಪುಡುಗ,ಹುಡುಗ
ಪಿನ್ದಕ್ಕು,ಹಿನ್ದಕ್ಕು
ಪಂಗ,ಹಂಗ
ಪೊರಳ್,ಹೊರಳ್
ಪಂದಿವೇಂಟೆ,ಹಂದಿವೇಂಟೆ
ಪೇ,ಹೇ
ಪೊಳ್ಳುಗಳೆ,ಹೊಳ್ಳುಗಳೆ
ಪಳೆಯೆಲೆ,ಹಳೆಯೆಲೆ
ಪ್ಯಾಕ್,ಹ್ಯಾಕ್
ಪಸೆವಣೆ,ಹಸೆವಣೆ
ಪಿಡಿ,ಹಿಡಿ
ಪೊಲತಿ,ಹೊಲತಿ
ಪಾಡು,ಹಾಡು
ಪರಿಗಳು,ಹರಿಗಳು
ಪೊರೆಬಿಡು,ಹೊರೆಬಿಡು
ಪಿಡಿಸು,ಹಿಡಿಸು
ಪೇಕುಳಿ,ಹೇಕುಳಿ
ಪೂತು,ಹೂತು
ಪೆಂಪು,ಹೆಂಪು
ಪಿಂದುಳಿ,ಹಿಂದುಳಿ
ಪಗರಣಗಳು,ಹಗರಣಗಳು
ಪಾಯ್ದ,ಹಾಯ್ದ
ಪಾಳ್ಬಾವಿ,ಹಾಳ್ಬಾವಿ
ಪಸರ,ಹಸರ
ಪಚ್ಚಡಿ,ಹಚ್ಚಡಿ
ಪೇನ್ಗಳು,ಹೇನ್ಗಳು
ಪೆಪ್ಪಿಡು,ಹೆಪ್ಪಿಡು
ಪಳ್ಳಿಗ,ಹಳ್ಳಿಗ
ಪೊಗರಂಬು,ಹೊಗರಂಬು
ಪಾಲ್ತೊರೆ,ಹಾಲ್ತೊರೆ
ಪಾರುವ,ಹಾರುವ
ಪೂಗಮ್ಪು,ಹೂಗಮ್ಪು
ಪೆಣ್ಡ,ಹೆಣ್ಡ
ಪಂಚಿಗಳು,ಹಂಚಿಗಳು
ಪೊನ್ದಿಗೆ,ಹೊನ್ದಿಗೆ
ಪೊಳ್ಳುನುಡಿ,ಹೊಳ್ಳುನುಡಿ
ಪೊಸತು,ಹೊಸತು
ಪರಿಯೆಸು,ಹರಿಯೆಸು
ಪೊಡೆಚಂಡು,ಹೊಡೆಚಂಡು
ಪಂಗಿಗ,ಹಂಗಿಗ
ಪಕ್ಕುಗಳು,ಹಕ್ಕುಗಳು
ಪೊಸಮನೆಗಳು,ಹೊಸಮನೆಗಳು
ಪೋಲು,ಹೋಲು
ಪಲಸು,ಹಲಸು
ಪಾಯ್ಸು,ಹಾಯ್ಸು
ಪಬ್ಬ,ಹಬ್ಬ
ಪೋರಿಸು,ಹೋರಿಸು
ಪೊಂಬೊಂಬೆಗಳು,ಹೊಂಬೊಂಬೆಗಳು
ಪೊದ,ಹೊದ
ಪರಿಕಾರ,ಹರಿಕಾರ
ಪೆರ್ಗೆರೆ,ಹೆರ್ಗೆರೆ
ಪೊನಲಿಡು,ಹೊನಲಿಡು
ಪೊಯ್ಸು,ಹೊಯ್ಸು
ಪೆಸರುಗೊಳ್,ಹೆಸರುಗೊಳ್
ಪೋಳಿಸು,ಹೋಳಿಸು
ಪಂದು,ಹಂದು
ಪಾಸು,ಹಾಸು
ಪುಲಿದೊವಲು,ಹುಲಿದೊವಲು
ಪೊರವಂಡು,ಹೊರವಂಡು
ಪಿಮ್ಬಾಲಿಸು,ಹಿಮ್ಬಾಲಿಸು
ಪೊಮ್ಬೊಗರಿ,ಹೊಮ್ಬೊಗರಿ
ಪೊಙ್ಗೊಡ,ಹೊಙ್ಗೊಡ
ಪೊರಮಡು,ಹೊರಮಡು
ಪುರುಳಿನ,ಹುರುಳಿನ
ಪರಗಣೆ,ಹರಗಣೆ
ಪೊಮ್ಮುಗಳು,ಹೊಮ್ಮುಗಳು
ಪಡವಳ್ತಿ,ಹಡವಳ್ತಿ
ಪಿಂದು,ಹಿಂದು
ಪೊರಿಸು,ಹೊರಿಸು
ಪಿಡಿಕಿಸು,ಹಿಡಿಕಿಸು
ಪೊತ್ತಗೆಗಳು,ಹೊತ್ತಗೆಗಳು
ಪದುಳಗೊಳಿಸು,ಹದುಳಗೊಳಿಸು
ಪನ್ತ,ಹನ್ತ
ಪೊಸಸುಣ್ಣ,ಹೊಸಸುಣ್ಣ
ಪೊಂಗೊಡೆ,ಹೊಂಗೊಡೆ
ಪೇರಾಲ,ಹೇರಾಲ
ಪತ್ತು,ಹತ್ತು
ಪೇರರಿಕೆಗಳು,ಹೇರರಿಕೆಗಳು
ಪೆಡೆವಣಿ,ಹೆಡೆವಣಿ
ಪಿಡಿವಡೆ,ಹಿಡಿವಡೆ
ಪಿನ್ದು,ಹಿನ್ದು
ಪೊರ,ಹೊರ
ಪುದು,ಹುದು
ಪರಸು,ಹರಸು
ಪನಿಗಳು,ಹನಿಗಳು
ಪರಾವರಿ,ಹರಾವರಿ
ಪರಿಸು,ಹರಿಸು
ಪಸಿವೆ,ಹಸಿವೆ
ಪೊರೆ,,ಹೊರೆ,
ಪೇರಣಿಲ್,ಹೇರಣಿಲ್
ಪೊನ್ನಗಸೆ,ಹೊನ್ನಗಸೆ
ಪಸುಮಗು,ಹಸುಮಗು
ಪೋಲ್,ಹೋಲ್
ಪುಗ್ಗಿ,ಹುಗ್ಗಿ
ಪುಡಿಗಳು,ಹುಡಿಗಳು
ಪೊಸಗೆರೆಗಳು,ಹೊಸಗೆರೆಗಳು
ಪೊಡಮಡು,ಹೊಡಮಡು
ಪಾಳಿಡು,ಹಾಳಿಡು
ಪಿಂಗತೆ,ಹಿಂಗತೆ
ಪುಳಿಸು,ಹುಳಿಸು
ಪೊನ್ದೇರ್,ಹೊನ್ದೇರ್
ಪೊಂಬೊಂಬೆ,ಹೊಂಬೊಂಬೆ
ಪರುಣಿ,ಹರುಣಿ
ಪುತ್ತರಿ,ಹುತ್ತರಿ
ಪೊಡಸೆಣ್ಡು,ಹೊಡಸೆಣ್ಡು
ಪನ್ನೊನ್ದು,ಹನ್ನೊನ್ದು
ಪಾಡಿಸು,ಹಾಡಿಸು
ಪೊಱಗೋಟೆ,ಹೊಱಗೋಟೆ
ಪಾರಿಸು,ಹಾರಿಸು
ಪೊಳ್ಳುನುಡಿಗಳು,ಹೊಳ್ಳುನುಡಿಗಳು
ಪುಳಿ,ಹುಳಿ
ಪಂದರಿಕ್ಕು,ಹಂದರಿಕ್ಕು
ಪಡೆದ,ಹಡೆದ
ಪೊಙ್ಗಿಸು,ಹೊಙ್ಗಿಸು
ಪೂಚೆಣ್ಡು,ಹೂಚೆಣ್ಡು
ಪೊಂಗರಿ,ಹೊಂಗರಿ
ಪೂಜೆ,ಹೂಜೆ
ಪಾಲುಗಳು,ಹಾಲುಗಳು
ಪಾ,ಹಾ
ಪಂದಿಗಡ್ಡೆ,ಹಂದಿಗಡ್ಡೆ
ಪೊಱಯಿಂಕೆ,ಹೊಱಯಿಂಕೆ
ಪೊಱತು,ಹೊಱತು
ಪೊಗುತೆ,ಹೊಗುತೆ
ಪಣೆಗಳು,ಹಣೆಗಳು
ಪರಿಕಣಿ,ಹರಿಕಣಿ
ಪೊಯಿಲ್,ಹೊಯಿಲ್
ಪೊಳಿ,ಹೊಳಿ
ಪೊಡೆಗಲ್ಲು,ಹೊಡೆಗಲ್ಲು
ಪೀರ್,ಹೀರ್
ಪೆರಗು,ಹೆರಗು
ಪೇಡಿಗಳು,ಹೇಡಿಗಳು
ಪೊಂತಕಾರಿ,ಹೊಂತಕಾರಿ
ಪೊಂಗಳಸ,ಹೊಂಗಳಸ
ಪಸೆನಿಲ್,ಹಸೆನಿಲ್
ಪಗಗಳು,ಹಗಗಳು
ಪಳ್ಳಿಕಾರ,ಹಳ್ಳಿಕಾರ
ಪಸನು,ಹಸನು
ಪುಚ್ಚು,ಹುಚ್ಚು
ಪುಂಜಗಳು,ಹುಂಜಗಳು
ಪೊಗಿಸು,ಹೊಗಿಸು
ಪೊಳಕು,ಹೊಳಕು
ಪೊಸನೀರು,ಹೊಸನೀರು
ಪೆರೆ,ಹೆರೆ
ಪೋರಾಳ್,ಹೋರಾಳ್
ಪೊಸದು,ಹೊಸದು
ಪುರಿಯೋಡು,ಹುರಿಯೋಡು
ಪೊತ್ತ,ಹೊತ್ತ
ಪೂದುಡಿಗೆ,ಹೂದುಡಿಗೆ
ಪರಿಪಡು,ಹರಿಪಡು
ಪವಳದೊಂಡೆ,ಹವಳದೊಂಡೆ
ಪಡಿಕೆ,ಹಡಿಕೆ
ಪೇರಾಲಗಳು,ಹೇರಾಲಗಳು
ಪೊನ್ದೇರು,ಹೊನ್ದೇರು
ಪಟ,ಹಟ
ಪೆ,ಹೆ
ಪಾಲ್ದುಮ್ಬು,ಹಾಲ್ದುಮ್ಬು
ಪಿಮ್ಮೆಟ್ಟು,ಹಿಮ್ಮೆಟ್ಟು
ಪೊಕ್ಕುಳು,ಹೊಕ್ಕುಳು
ಪೊಡೆಚೆಣ್ಡು,ಹೊಡೆಚೆಣ್ಡು
ಪತ್ತಿಗಳು,ಹತ್ತಿಗಳು
ಪಲಸಿನ,ಹಲಸಿನ
ಪೊದೆ,ಹೊದೆ
ಪೊಗರಲಗು,ಹೊಗರಲಗು
ಪೊಗರಮ್ಬು,ಹೊಗರಮ್ಬು
ಪೊಞ್ಚು,ಹೊಞ್ಚು
ಪಿಸುಣ,ಹಿಸುಣ
ಪದಿ,ಹದಿ
ಪೂಮಿಡಿ,ಹೂಮಿಡಿ
ಪನ್ತಗಳು,ಹನ್ತಗಳು
ಪೊಲೆ,ಹೊಲೆ
ಪಿಡಿಗುದುರೆ,ಹಿಡಿಗುದುರೆ
ಪನ್ತಿಗಳು,ಹನ್ತಿಗಳು
ಪೇರಾನೆಗಳು,ಹೇರಾನೆಗಳು
ಪೊಯ್ಚೆಣ್ಡು,ಹೊಯ್ಚೆಣ್ಡು
ಪಂಚುಗಳು,ಹಂಚುಗಳು
ಪೊಳೆಯಿಸು,ಹೊಳೆಯಿಸು
ಪಸರಣ,ಹಸರಣ
ಪಿಡಿತರಿಸು,ಹಿಡಿತರಿಸು
ಪೊಂದೇರುಗಳು,ಹೊಂದೇರುಗಳು
ಪಂದಿವೇಂಟೆಗಳು,ಹಂದಿವೇಂಟೆಗಳು
ಪೊರಪಚ್ಚ,ಹೊರಪಚ್ಚ
ಪನ್ದರಗಳು,ಹನ್ದರಗಳು
ಪಟ್ಟಿ,,ಹಟ್ಟಿ,
ಪುಡಿಗುಟ್ಟು,ಹುಡಿಗುಟ್ಟು
ಪೇನುಗಳು,ಹೇನುಗಳು
ಪಣ್ಣಿಸು,ಹಣ್ಣಿಸು
ಪೆಂಟೆ,ಹೆಂಟೆ
ಪೊದರೊಡೆ,ಹೊದರೊಡೆ
ಪೊಸಗನ್ನಡ,ಹೊಸಗನ್ನಡ
ಪಡಲಗೆ,ಹಡಲಗೆ
ಪಾಯಿಕು,ಹಾಯಿಕು
ಪರಸಿ,ಹರಸಿ
ಪಿತ,ಹಿತ
ಪೋಟೆ,ಹೋಟೆ
ಪಂದರು,ಹಂದರು
ಪಯ,ಹಯ
ಪೆಟ್ಮಣೆ,ಹೆಟ್ಮಣೆ
ಪದಿನೆಣ್ಟು,ಹದಿನೆಣ್ಟು
ಪೊಸನ್ತಿಲ್,ಹೊಸನ್ತಿಲ್
ಪಚ್ಚಿಸು,ಹಚ್ಚಿಸು
ಪೊಗರ್,ಹೊಗರ್
ಪೊನ್,ಹೊನ್
ಪೊಗರೇಳು,ಹೊಗರೇಳು
ಪೆಸರುಗಳು,ಹೆಸರುಗಳು
ಪೋಲಿಸ,ಹೋಲಿಸ
ಪದಬೆದೆ,ಹದಬೆದೆ
ಪೋರಟೆ,ಹೋರಟೆ
ಪೆರ,ಹೆರ
ಪೂಡಿಸು,ಹೂಡಿಸು
ಪೇದೆ,ಹೇದೆ
ಪೊಣೆಕಾರ,ಹೊಣೆಕಾರ
ಪೊನ್ದುಗೆ,ಹೊನ್ದುಗೆ
ಪೂಗನಸು,ಹೂಗನಸು
ಪೆಸರುವಡೆ,ಹೆಸರುವಡೆ
ಪೋಗಾಡು,ಹೋಗಾಡು
ಪೇರೂರ್,ಹೇರೂರ್
ಪೊಙ್ಗಡಲು,ಹೊಙ್ಗಡಲು
ಪಳ್ಳಿ,ಹಳ್ಳಿ
ಪುಂಜ,ಹುಂಜ
ಪೆಟ್ಟಿ,ಹೆಟ್ಟಿ
ಪೂವಾಡಿಗ,ಹೂವಾಡಿಗ
ಪಿಂಬಗಲು,ಹಿಂಬಗಲು
ಪರುಕು,ಹರುಕು
ಪಲರು,ಹಲರು
ಪೆಚ್ಚಾಗಿಸು,ಹೆಚ್ಚಾಗಿಸು
ಪೆಗಲೇರು,ಹೆಗಲೇರು
ಪೇರಿಕೆಗಳು,ಹೇರಿಕೆಗಳು
ಪೇರಾಸೆಗಳು,ಹೇರಾಸೆಗಳು
ಪೊದೆಸು,ಹೊದೆಸು
ಪೊತ್ತಿಗೆಗಳು,ಹೊತ್ತಿಗೆಗಳು
ಪೊರಮಡಿಸು,ಹೊರಮಡಿಸು
ಪಿಸುಣು,ಹಿಸುಣು
ಪೊಲೆಯ,ಹೊಲೆಯ
ಪೆರ್ಗಡಿತಿ,ಹೆರ್ಗಡಿತಿ
ಪಿರಿಯರ,ಹಿರಿಯರ
ಪೊಲಸೇಳು,ಹೊಲಸೇಳು
ಪೊರಜಿ,ಹೊರಜಿ
ಪುಣಸೆ,ಹುಣಸೆ
ಪೊರವಾರ್,ಹೊರವಾರ್
ಪೆಂಗೂಸು,ಹೆಂಗೂಸು
ಪಿನ್ದುಗೊಳ್,ಹಿನ್ದುಗೊಳ್
ಪೊಲೆವೆಣ್ಗಳು,ಹೊಲೆವೆಣ್ಗಳು
ಪೊಸಕೆರೆಗಳು,ಹೊಸಕೆರೆಗಳು
ಪೂರಣ,ಹೂರಣ
ಪಲ್ಗಿರಿ,ಹಲ್ಗಿರಿ
ಪಿಡಿಕೆ,ಹಿಡಿಕೆ
ಪೂಗಾರ,ಹೂಗಾರ
ಪಚ್ಚಗೆ,ಹಚ್ಚಗೆ
ಪಿನ್ದೆಸೆ,ಹಿನ್ದೆಸೆ
ಪಸರು,ಹಸರು
ಪಾಲುಣ್ಡೆಗಳು,ಹಾಲುಣ್ಡೆಗಳು
ಪಳಕು,ಹಳಕು
ಪುಳ್ಳೆ,ಹುಳ್ಳೆ
ಪೊಲ್ಲ,ಹೊಲ್ಲ
ಪಲವೆಡೆ,ಹಲವೆಡೆ
ಪೊಣೆ,ಹೊಣೆ
ಪಂಚಿ,ಹಂಚಿ
ಪಿಳ್ಳು,ಹಿಳ್ಳು
ಪೊರಮಿಂಚು,ಹೊರಮಿಂಚು
ಪೆಂಡಿತಿ,ಹೆಂಡಿತಿ
ಪೆರ್ಗಡೆ,ಹೆರ್ಗಡೆ
ಪುಸಿಮಾತುಗಳು,ಹುಸಿಮಾತುಗಳು
ಪುಗು,ಹುಗು
ಪಣ್ಣಡಕೆ,ಹಣ್ಣಡಕೆ
ಪೊಂಗದಿರು,ಹೊಂಗದಿರು
ಪೆಂಜೆಱು,ಹೆಂಜೆಱು
ಪೇರಾಳ,ಹೇರಾಳ
ಪುಡಿಗೈ,ಹುಡಿಗೈ
ಪಳಮೆ,ಹಳಮೆ
ಪತ,ಹತ
ಪಂದೊಗಲ್ಗಳು,ಹಂದೊಗಲ್ಗಳು
ಪಸುರ್ಗೂಳ್,ಹಸುರ್ಗೂಳ್
ಪೊಡೆಮರಳ್,ಹೊಡೆಮರಳ್
ಪೊಂಗೆಜ್ಜೆಗಳು,ಹೊಂಗೆಜ್ಜೆಗಳು
ಪೋಳು,ಹೋಳು
ಪನೆ,ಹನೆ
ಪುರುಳರಿಮೆ,ಹುರುಳರಿಮೆ
ಪಲ್ಕ,ಹಲ್ಕ
ಪಿಂದಲೆ,ಹಿಂದಲೆ
ಪೊಱವಾಱ್,ಹೊಱವಾಱ್
ಪಲ್ಲೆ,ಹಲ್ಲೆ
ಪಾಗಲ,ಹಾಗಲ
ಪಾದರ,ಹಾದರ
ಪಾಸುಮಞ್ಚ,ಹಾಸುಮಞ್ಚ
ಪೊಸಬೇಟ,ಹೊಸಬೇಟ
ಪುಯ್ಯಲ್,ಹುಯ್ಯಲ್
ಪೋಕುಗಳು,ಹೋಕುಗಳು
ಪೊತ್ತಿಗೆ,ಹೊತ್ತಿಗೆ
ಪಿಂದಿರುಗು,ಹಿಂದಿರುಗು
ಪೊಲಿಗೆ,ಹೊಲಿಗೆ
ಪರದಿಕೆ,ಹರದಿಕೆ
ಪೊರೆಯಾಳು,ಹೊರೆಯಾಳು
ಪೆಣಲು,ಹೆಣಲು
ಪೊಡೆ,ಹೊಡೆ
ಪೊಡೆತಗಳು,ಹೊಡೆತಗಳು
ಪಞ್ಚಿ,ಹಞ್ಚಿ
ಪೀರು,ಹೀರು
ಪುಣ್ಣಿವೆ,ಹುಣ್ಣಿವೆ
ಪೊದರುವೆಳಗು,ಹೊದರುವೆಳಗು
ಪಾಲೆ,ಹಾಲೆ
ಪೇತು,ಹೇತು
ಪಿಡಿಕೆಯ್ಸು,ಹಿಡಿಕೆಯ್ಸು
ಪಚ್ಚು,ಹಚ್ಚು
ಪೊಗರೊಗು,ಹೊಗರೊಗು
ಪಲ್ಲುಗಿರಿ,ಹಲ್ಲುಗಿರಿ
ಪದವರಿಕೆ,ಹದವರಿಕೆ
ಪೆಱೆದಲೆಯ,ಹೆಱೆದಲೆಯ
ಪಂದಿಗಡ್ಡೆಗಳು,ಹಂದಿಗಡ್ಡೆಗಳು
ಪಕ್ಕೆದಲೆಗಳು,ಹಕ್ಕೆದಲೆಗಳು
ಪೆಂಪೇ,ಹೆಂಪೇ
ಪರಲೆ,ಹರಲೆ
ಪೊಂಗಡಲು,ಹೊಂಗಡಲು
ಪೊತ್ತರೆ,ಹೊತ್ತರೆ
ಪೊಸಗೆರೆ,ಹೊಸಗೆರೆ
ಪೆದೆ,ಹೆದೆ
ಪಟ್ಟಿಗಳ,ಹಟ್ಟಿಗಳ
ಪಂದಿ,ಹಂದಿ
ಪೊಲ್ಲನುಡಿ,ಹೊಲ್ಲನುಡಿ
ಪೂಗೊಂಚಲು,ಹೂಗೊಂಚಲು
ಪೆರ್,ಹೆರ್
ಪವನ,ಹವನ
ಪಣಿಗೆ,ಹಣಿಗೆ
ಪುದುಗು,ಹುದುಗು
ಪೊರೆ,ಹೊರೆ
ಪವಣ,ಹವಣ
ಪಡಲಿಕೆ,ಹಡಲಿಕೆ
ಪೊದಿಸು,ಹೊದಿಸು
ಪೂಮಳೆಗಳು,ಹೂಮಳೆಗಳು
ಪೆರ್ಜುಂಕ,ಹೆರ್ಜುಂಕ
ಪಿನ್,ಹಿನ್
ಪದವಾಗಿ,ಹದವಾಗಿ
ಪೊಗರೇರು,ಹೊಗರೇರು
ಪೊಂಗೊಡ,ಹೊಂಗೊಡ
ಪಡಗ,ಹಡಗ
ಪಾಯಿದು,ಹಾಯಿದು
ಪಿಮ್ಮುಕ,ಹಿಮ್ಮುಕ
ಪಾರುಗುಪ್ಪೆ,ಹಾರುಗುಪ್ಪೆ
ಪಾಕಲು,ಹಾಕಲು
ಪೊಂಗಿಸು,ಹೊಂಗಿಸು
ಪತ್ತಿ,ಹತ್ತಿ
ಪೂವಾಡಗಿತ್ತಿ,ಹೂವಾಡಗಿತ್ತಿ
ಪೊಂಬುಗುರಿ,ಹೊಂಬುಗುರಿ
ಪುಲು,ಹುಲು
ಪೊಂದಿಗೆಗಳು,ಹೊಂದಿಗೆಗಳು
ಪೂಸು,ಹೂಸು
ಪೊರಕಾಲ್,ಹೊರಕಾಲ್
ಪೊಡೆಗೊಳ್,ಹೊಡೆಗೊಳ್
ಪೊದರುಗಟ್ಟು,ಹೊದರುಗಟ್ಟು
ಪೊಱಡು,ಹೊಱಡು
ಪೊಸಂತಿಲು,ಹೊಸಂತಿಲು
ಪಡಿಯಾಱ,ಹಡಿಯಾಱ
ಪೇರು,ಹೇರು
ಪೊರಯಿಂಕೆ,ಹೊರಯಿಂಕೆ
ಪೊತ್ತಗೆ,ಹೊತ್ತಗೆ
ಪೊರಗಡೆ,ಹೊರಗಡೆ
ಪಸುಗೆ,ಹಸುಗೆ
ಪೊದರ್ವನೆ,ಹೊದರ್ವನೆ
ಪೆಣ್ಣಾಳ್,ಹೆಣ್ಣಾಳ್
ಪಲ್ಲ,ಹಲ್ಲ
ಪಲ್ಯ,ಹಲ್ಯ
ಪೊಡಸೆಂಡು,ಹೊಡಸೆಂಡು
ಪಂದೆತನ,ಹಂದೆತನ
ಪರುಗೋಲ್,ಹರುಗೋಲ್
ಪದುಳ,ಹದುಳ
ಪಾಲುಗಡಲು,ಹಾಲುಗಡಲು
ಪೆಮ್ಮರ,ಹೆಮ್ಮರ
ಪಾಸರೆ,ಹಾಸರೆ
ಪಸು,ಹಸು
ಪನಸುಗಳು,ಹನಸುಗಳು
ಪೇರೂರ್ಗಳು,ಹೇರೂರ್ಗಳು
ಪವಣು,ಹವಣು
ಪೊಸಕನ್ನಡ,ಹೊಸಕನ್ನಡ
ಪೊಮ್ಬುಗುರಿ,ಹೊಮ್ಬುಗುರಿ
ಪಞ್ಜರಗಳು,ಹಞ್ಜರಗಳು
ಪಲುಮ್ಬು,ಹಲುಮ್ಬು
ಪೊಡೆಸು,ಹೊಡೆಸು
ಪೊಗರ್ತೆ,ಹೊಗರ್ತೆ
ಪೊದ್ದು,ಹೊದ್ದು
ಪೊಮ್ಬಸಿರು,ಹೊಮ್ಬಸಿರು
ಪನಸು,ಹನಸು
ಪೊಲಬಿಗ,ಹೊಲಬಿಗ
ಪೋತ್ರ,ಹೋತ್ರ
ಪೆಂಗೊಲೆ,ಹೆಂಗೊಲೆ
ಪೆರೆಯುರ್ಚು,ಹೆರೆಯುರ್ಚು
ಪಾಳ್,ಹಾಳ್
ಪೊಡೆಸೆಂಡು,ಹೊಡೆಸೆಂಡು
ಪಾಳಿಗಳು,ಹಾಳಿಗಳು
ಪೆಚ್ಚಿಸು,ಹೆಚ್ಚಿಸು
ಪುಲಿಸು,ಹುಲಿಸು
ಪಾಯ್,ಹಾಯ್
ಪಾಲನ್ನು,ಹಾಲನ್ನು
ಪೊಸನೋಟ,ಹೊಸನೋಟ
ಪೂಣಿಗತನ,ಹೂಣಿಗತನ
ಪಸುರು,ಹಸುರು
ಪೋತ್ರಿ,ಹೋತ್ರಿ
ಪರು,ಹರು
ಪಿಣ್ಡಿ,ಹಿಣ್ಡಿ
ಪಱುಣೆ,ಹಱುಣೆ
ಪೂಲಿ,ಹೂಲಿ
ಪೊಮ್ಬರಹ,ಹೊಮ್ಬರಹ
ಪಟದ,ಹಟದ
ಪಿಳ್ಗು,ಹಿಳ್ಗು
ಪೊಂಬಾಳೆಗಳು,ಹೊಂಬಾಳೆಗಳು
ಪೆಗಲ್,ಹೆಗಲ್
ಪದಿಮೂರ್,ಹದಿಮೂರ್
ಪೊಟ್ಟುಗಳು,ಹೊಟ್ಟುಗಳು
ಪೊಡೆಯಿಸು,ಹೊಡೆಯಿಸು
ಪುಣ್ಣಮೆ,ಹುಣ್ಣಮೆ
ಪೋಕು,ಹೋಕು
ಪಿಡಿಯಾಳು,ಹಿಡಿಯಾಳು
ಪೂಳ್ದು,ಹೂಳ್ದು
ಪುಲ್ಲೆಗಣ್,ಹುಲ್ಲೆಗಣ್
ಪೆಂಡೆ,ಹೆಂಡೆ
ಪಿಂದಣ,ಹಿಂದಣ
ಪೂಸಣಂಬ,ಹೂಸಣಂಬ
ಪೂದೇರ್,ಹೂದೇರ್
ಪುಳಿಯೊಗರೆ,ಹುಳಿಯೊಗರೆ
ಪೆಣ್,ಹೆಣ್
ಪೊರಳಿ,ಹೊರಳಿ
ಪಸುಳೆತನ,ಹಸುಳೆತನ
ಪೂಣ್ಕೆ,ಹೂಣ್ಕೆ
ಪುಲುವಟ್ಟೆ,ಹುಲುವಟ್ಟೆ
ಪೊಡಮಡಿಸು,ಹೊಡಮಡಿಸು
ಪೊಗಳು,ಹೊಗಳು
ಪೊಂಬರಹ,ಹೊಂಬರಹ
ಪೊಂದೇರು,ಹೊಂದೇರು
ಪಾಪೆ,ಹಾಪೆ
ಪಂಚು,ಹಂಚು
ಪುರ್ವು,ಹುರ್ವು
ಪೊಱಕೆಯ್,ಹೊಱಕೆಯ್
ಪಕ್ಕೆಗಳು,ಹಕ್ಕೆಗಳು
ಪೊರಣ್ಡು,ಹೊರಣ್ಡು
ಪೇಯ,ಹೇಯ
ಪೊಡೆಗೆಡೆ,ಹೊಡೆಗೆಡೆ
ಪಜ್ಜ,ಹಜ್ಜ
ಪಾಡುಗಬ್ಬ,ಹಾಡುಗಬ್ಬ
ಪೊಲ್ಲದು,ಹೊಲ್ಲದು
ಪೇರಾಳು,ಹೇರಾಳು
ಪಿಡಿಕಯ್ಸು,ಹಿಡಿಕಯ್ಸು
ಪಾಳುಬಾವಿ,ಹಾಳುಬಾವಿ
ಪೊರಸು,ಹೊರಸು
ಪಾರಿಸಿ,ಹಾರಿಸಿ
ಪರಿವಾಣ,ಹರಿವಾಣ
ಪಸುಂಬ,ಹಸುಂಬ
ಪಿಟ್ಟುಗುಟ್ಟು,ಹಿಟ್ಟುಗುಟ್ಟು
ಪೋಗೊಳಿಸು,ಹೋಗೊಳಿಸು
ಪೊರೆಯಿಡು,ಹೊರೆಯಿಡು
ಪುಸಿಯಾಡು,ಹುಸಿಯಾಡು
ಪಿನ್ತೆಗೆ,ಹಿನ್ತೆಗೆ
ಪಜ್ಜೆಗಳು,ಹಜ್ಜೆಗಳು
ಪನ್ನಸ,ಹನ್ನಸ
ಪೇವಯ್ಸು,ಹೇವಯ್ಸು
ಪುರಿಗೊಳ್,ಹುರಿಗೊಳ್
ಪಡಿಮುಖ,ಹಡಿಮುಖ
ಪಿನ್ನೆಣಿಕೆ,ಹಿನ್ನೆಣಿಕೆ
ಪೋಟಿ,ಹೋಟಿ
ಪೆರದೆಗೆ,ಹೆರದೆಗೆ
ಪಂತಿ,ಹಂತಿ
ಪಲ್ಲೆಗಳು,ಹಲ್ಲೆಗಳು
ಪಗಿನುಗಳು,ಹಗಿನುಗಳು
ಪಾಸಿಗೆ,ಹಾಸಿಗೆ
ಪಿಣ್ಡಿಕೆ,ಹಿಣ್ಡಿಕೆ
ಪರಿಚರ,ಹರಿಚರ
ಪದಿನಾರು,ಹದಿನಾರು
ಪವಿ,ಹವಿ
ಪೊಸಪೊಡೆ,ಹೊಸಪೊಡೆ
ಪುಲಿಯುಗುರು,ಹುಲಿಯುಗುರು
ಪುಡಿಗೆಯ್,ಹುಡಿಗೆಯ್
ಪಸಿಗೆ,ಹಸಿಗೆ
ಪೂವಡಿಗ,ಹೂವಡಿಗ
ಪೊಸಂತಿಲ್,ಹೊಸಂತಿಲ್
ಪಿನ್ದೆ,ಹಿನ್ದೆ
ಪಡಿಕೆಗಳು,ಹಡಿಕೆಗಳು
ಪತಿ,ಹತಿ
ಪಿಂಬಳಿ,ಹಿಂಬಳಿ
ಪಂಜಿ,ಹಂಜಿ
ಪೊಂದು,ಹೊಂದು
ಪಾನಿ,ಹಾನಿ
ಪ್ರಾಸ,ಹ್ರಾಸ
ಪಾೞು,ಹಾೞು
ಪೆಡೆಮಣಿ,ಹೆಡೆಮಣಿ
ಪೊರೆಕಾರ,ಹೊರೆಕಾರ
ಪೆಣ್ಣಾನೆ,ಹೆಣ್ಣಾನೆ
ಪಚ್ಚನೆ,ಹಚ್ಚನೆ
ಪೊಳಲುಗಳು,ಹೊಳಲುಗಳು
ಪಾಕ,ಹಾಕ
ಪದುಳವಿರು,ಹದುಳವಿರು
ಪಞ್ಜರ,ಹಞ್ಜರ
ಪೆಚ್ಚುಗೆ,ಹೆಚ್ಚುಗೆ
ಪುಲಿ,ಹುಲಿ
ಪುಸಿನುಡಿ,ಹುಸಿನುಡಿ
ಪದಗೊಳಿಸು,ಹದಗೊಳಿಸು
ಪಿಣಿಲ್,ಹಿಣಿಲ್
ಪಿಂಬಾಲಿಸು,ಹಿಂಬಾಲಿಸು
ಪೊನ್ನಮ್ಬು,ಹೊನ್ನಮ್ಬು
ಪೋಟಿಗಳು,ಹೋಟಿಗಳು
ಪಾಲುಬಾಯಿ,ಹಾಲುಬಾಯಿ
ಪೆರಗೆ,ಹೆರಗೆ
ಪುಡಿಗೂಡಿಸು,ಹುಡಿಗೂಡಿಸು
ಪದ,ಹದ
ಪರ,ಹರ
ಪಣತಿ,ಹಣತಿ
ಪುರುಳುಗೆಡು,ಹುರುಳುಗೆಡು
ಪುಸಿಕ,ಹುಸಿಕ
ಪೇರೊಡಲ್,ಹೇರೊಡಲ್
ಪಲಬು,ಹಲಬು
ಪೊರವಡು,ಹೊರವಡು
ಪೊಸಕು,ಹೊಸಕು
ಪೊಯ್ಚೆಂಡು,ಹೊಯ್ಚೆಂಡು
ಪರಿಗೋಲು,ಹರಿಗೋಲು
ಪೊಸನೋಟಗಳು,ಹೊಸನೋಟಗಳು
ಪಱುಗಲ್,ಹಱುಗಲ್
ಪಿಳ್ಳೆ,ಹಿಳ್ಳೆ
ಪೊರಕೆಯ್,ಹೊರಕೆಯ್
ಪಿಞ್ಚೂಣಿ,ಹಿಞ್ಚೂಣಿ
ಪೂಗಿಡು,ಹೂಗಿಡು
ಪೊಸಮುತ್ತು,ಹೊಸಮುತ್ತು
ಪೂಣಿಸು,ಹೂಣಿಸು
ಪೂಗಂಪು,ಹೂಗಂಪು
ಪಿಂಚು,ಹಿಂಚು
ಪಣೆ,ಹಣೆ
ಪಿನ್ದಲೆ,ಹಿನ್ದಲೆ
ಪೆಗ್ಗಡೆ,ಹೆಗ್ಗಡೆ
ಪರಕರಿಸು,ಹರಕರಿಸು
ಪೊಸಗೆಗಳು,ಹೊಸಗೆಗಳು
ಪಾಲಿವಾಣ,ಹಾಲಿವಾಣ
ಪೆಳವಿ,ಹೆಳವಿ
ಪಲಸುಗಾಯ್‌,ಹಲಸುಗಾಯ್‌
ಪಡುಕೆ,ಹಡುಕೆ
ಪುಡಿಯೇಳು,ಹುಡಿಯೇಳು
ಪೊರೆಯಾಳುಗಳು,ಹೊರೆಯಾಳುಗಳು
ಪುರುಡಿಸು,ಹುರುಡಿಸು
ಪಿಂಜರಿ,ಹಿಂಜರಿ
ಪಾಲೆರೆ,ಹಾಲೆರೆ
ಪೂಸರ,ಹೂಸರ
ಪೊಗಳ,ಹೊಗಳ
ಪೆದ್ದ,ಹೆದ್ದ
ಪಣಿದ,ಹಣಿದ
ಪಾಲ್ತುತ್ತ,ಹಾಲ್ತುತ್ತ
ಪಸಗೊಳಿಸು,ಹಸಗೊಳಿಸು
ಪಾಲೋಗರ,ಹಾಲೋಗರ
ಪಿಂಗಡೆ,ಹಿಂಗಡೆ
ಪೊಮ್ಬೆಳಗು,ಹೊಮ್ಬೆಳಗು
ಪೂತಿ,ಹೂತಿ
ಪರಿಜೆ,ಹರಿಜೆ
ಪೊನಲುವರಿ,ಹೊನಲುವರಿ
ಪುಞ್ಜ,ಹುಞ್ಜ
ಪೇರೊಡಲುಗಳು,ಹೇರೊಡಲುಗಳು
ಪಾಡುಕಾರ,ಹಾಡುಕಾರ
ಪೊಮ್ಬೆಸ,ಹೊಮ್ಬೆಸ
ಪಿಞ್ಜರಿ,ಹಿಞ್ಜರಿ
ಪರಕು,ಹರಕು
ಪಾಳು,ಹಾಳು
ಪೊರಮಿಞ್ಚು,ಹೊರಮಿಞ್ಚು
ಪಸುಬ,ಹಸುಬ
ಪೊಂಗುರು,ಹೊಂಗುರು
ಪಾಲುಂಡೆ,ಹಾಲುಂಡೆ
ಪೊರಪಾಳೆಯ,ಹೊರಪಾಳೆಯ
ಪಿಙ್ಗಡೆ,ಹಿಙ್ಗಡೆ
ಪಿಂದಿರಿಸು,ಹಿಂದಿರಿಸು
ಪಾಲ್ಮರ,ಹಾಲ್ಮರ
ಪೊರೆಯ,ಹೊರೆಯ
ಪತ್ಯ,ಹತ್ಯ
ಪಾದರಿ,ಹಾದರಿ
ಪರಳಿಗ,ಹರಳಿಗ
ಪೊನ್ನು,ಹೊನ್ನು
ಪೊಟ್ಟೆ,ಹೊಟ್ಟೆ
ಪೆಸರೆತ್ತು,ಹೆಸರೆತ್ತು
ಪರಿ,ಹರಿ
ಪಚ್ಚೆಗಳು,ಹಚ್ಚೆಗಳು
ಪರಡೆಗಳು,ಹರಡೆಗಳು
ಪಳುವು,ಹಳುವು
ಪುಲ್ಲೆ,ಹುಲ್ಲೆ
ಪುದುವು,ಹುದುವು
ಪಗೆ,ಹಗೆ
ಪೆಂಗುಸು,ಹೆಂಗುಸು
ಪೊಗಳಿಕೆಗಳು,ಹೊಗಳಿಕೆಗಳು
ಪಡೆಯುವಿಕೆ,ಹಡೆಯುವಿಕೆ
ಪಲ್ಲುಗಳು,ಹಲ್ಲುಗಳು
ಪೇರಾಸೆ,ಹೇರಾಸೆ
ಪಾಲ್ಗಡಗ,ಹಾಲ್ಗಡಗ
ಪುಯಿ,ಹುಯಿ
ಪಂಗು,ಹಂಗು
ಪಾಲುಂಡೆಗಳು,ಹಾಲುಂಡೆಗಳು
ಪೇರೊಡಲ್ಗಳು,ಹೇರೊಡಲ್ಗಳು
ಪೇರೀಳೆ,ಹೇರೀಳೆ
ಪರಿಗಾಲುವೆ,ಹರಿಗಾಲುವೆ
ಪೆರು,ಹೆರು
ಪಡಲು,ಹಡಲು
ಪೊಗರು,ಹೊಗರು
ಪೊರಂಡು,ಹೊರಂಡು
ಪಳಕುಗಳು,ಹಳಕುಗಳು
ಪಿತಗಳು,ಹಿತಗಳು
ಪೊಯಿಲು,ಹೊಯಿಲು
ಪೊಂದಟ್ಟೆ,ಹೊಂದಟ್ಟೆ
ಪೊರಸುತ್ತು,ಹೊರಸುತ್ತು
ಪರಕಲಿಸು,ಹರಕಲಿಸು
ಪಳಗಿಸು,ಹಳಗಿಸು
ಪಾವು,ಹಾವು
ಪೊರೆಯೇರು,ಹೊರೆಯೇರು
ಪೊಸ,ಹೊಸ
ಪಾಲ್ದುಂಬು,ಹಾಲ್ದುಂಬು
ಪಸ,ಹಸ
ಪಿರಿ,ಹಿರಿ
ಪೊಕ್ಕುಳಿ,ಹೊಕ್ಕುಳಿ
ಪುಣ್ಣು,ಹುಣ್ಣು
ಪರಡಿ,ಹರಡಿ
ಪುಣ್ಣುವೆ,ಹುಣ್ಣುವೆ
ಪೊತ್ತಿಸು,ಹೊತ್ತಿಸು
ಪಸಿರು,ಹಸಿರು
ಪೊಕ್ಕುಳ್,ಹೊಕ್ಕುಳ್
ಪವಳ,ಹವಳ
ಪೊಲಬುಗೆಡು,ಹೊಲಬುಗೆಡು
ಪಿಟ್ಟಿ,ಹಿಟ್ಟಿ
ಪೊಸೆ,ಹೊಸೆ
ಪಿಂದೆಗೆ,ಹಿಂದೆಗೆ
ಪಱಿಗೋಲು,ಹಱಿಗೋಲು
ಪಿಂತೆಗೆ,ಹಿಂತೆಗೆ
ಪಲುಗಿರಿ,ಹಲುಗಿರಿ
ಪೊನಲ್,ಹೊನಲ್
ಪುರುಳು,ಹುರುಳು
ಪಾಡಿ,ಹಾಡಿ
ಪಾಳ,ಹಾಳ
ಪರುವು,ಹರುವು
ಪುಚ್ಚ,ಹುಚ್ಚ
ಪೋಳ್ಮಾಡು,ಹೋಳ್ಮಾಡು
ಪಲವಂಗ,ಹಲವಂಗ
ಪೂವೃಷ್ಟಿ,ಹೂವೃಷ್ಟಿ
ಪೊಂಗೆಲಸಗಳು,ಹೊಂಗೆಲಸಗಳು
ಪದರುಗಳು,ಹದರುಗಳು
ಪೆಸರಿಸು,ಹೆಸರಿಸು
ಪಡಲಿಗೆಗಳು,ಹಡಲಿಗೆಗಳು
ಪಡಕು,ಹಡಕು
ಪಂದೆ,ಹಂದೆ
ಪುಞ್ಜಗಳು,ಹುಞ್ಜಗಳು
ಪಕ್ಕು,ಹಕ್ಕು
ಪೊಗೆಗೊಳಿಸು,ಹೊಗೆಗೊಳಿಸು
ಪೂಜಿ,ಹೂಜಿ
ಪಿಂ,ಹಿಂ
ಪೊಟ್ಟಳಿಸು,ಹೊಟ್ಟಳಿಸು
ಪೇಸಿಕೆ,ಹೇಸಿಕೆ
ಪಂಜರ,ಹಂಜರ
ಪಿಣ್ಡುಮಾತು,ಹಿಣ್ಡುಮಾತು
ಪಿಂದುಗೊಳ್,ಹಿಂದುಗೊಳ್
ಪೇಳು,ಹೇಳು
ಪಿಡಿಯಂಬು,ಹಿಡಿಯಂಬು
ಪೊಂಬಾಳೆ,ಹೊಂಬಾಳೆ
ಪಂಗುಗಳು,ಹಂಗುಗಳು
ಪಣಿತೆ,ಹಣಿತೆ
ಪಿಂತೆ,ಹಿಂತೆ
ಪೊಂಗೆಜ್ಜೆ,ಹೊಂಗೆಜ್ಜೆ
ಪೊದರು,ಹೊದರು
ಪೊಡೆಚಣ್ಡು,ಹೊಡೆಚಣ್ಡು
ಪುಟ್ಟಿ,ಹುಟ್ಟಿ
ಪೂದೋಟ,ಹೂದೋಟ
ಪೊಲಗೆಡು,ಹೊಲಗೆಡು
ಪೇರೀಳೆಗಳು,ಹೇರೀಳೆಗಳು
ಪೊರಿಗೆ,ಹೊರಿಗೆ
ಪುರುಡಿಗ,ಹುರುಡಿಗ
ಪಿಕ್ಕು,ಹಿಕ್ಕು
ಪಚ್ಚೆ,ಹಚ್ಚೆ
ಪರಟೆಗಳು,ಹರಟೆಗಳು
ಪೊದಳು,ಹೊದಳು
ಪಿನ್ದೆಗೆ,ಹಿನ್ದೆಗೆ
ಪೊಸಬ,ಹೊಸಬ
ಪಡೆ,ಹಡೆ
ಪೊಂಚು,ಹೊಂಚು
ಪೊರಳ್ಚು,ಹೊರಳ್ಚು
ಪೊಸನ್ತಿಲು,ಹೊಸನ್ತಿಲು
ಪೆರ್ಗಡಲ್,ಹೆರ್ಗಡಲ್
ಪಿಮ್ಬೆದೆ,ಹಿಮ್ಬೆದೆ
ಪಳಗ,ಹಳಗ
ಪೋಲಿ,ಹೋಲಿ
ಪೊರೆದೋರು,ಹೊರೆದೋರು
ಪರಡೆ,ಹರಡೆ
ಪಾರಿವಾಣ,ಹಾರಿವಾಣ
ಪರಿಯಾಣ,ಹರಿಯಾಣ
ಪೆಣ್ಡೆ,ಹೆಣ್ಡೆ
ಪೇಟೆ,ಹೇಟೆ
ಪದರು,ಹದರು
ಪಙ್ಗ,ಹಙ್ಗ
ಪೊಸಬೆಣ್ಣೆ,ಹೊಸಬೆಣ್ಣೆ
ಪ್ರಾಸಗಳು,ಹ್ರಾಸಗಳು
ಪೊಂಬಸಿರುಗಳು,ಹೊಂಬಸಿರುಗಳು
ಪೆಣ್ಣು,ಹೆಣ್ಣು
ಪೊಯ್ವಡೆ,ಹೊಯ್ವಡೆ
ಪಜ್ಜೆ,ಹಜ್ಜೆ
ಪೊಡವಡಿಕೆ,ಹೊಡವಡಿಕೆ
ಪೀಲಿದಳೆ,ಹೀಲಿದಳೆ
ಪೆಟ್ಟಿಗೆ,ಹೆಟ್ಟಿಗೆ
ಪಾಳುಬೀಳು,ಹಾಳುಬೀಳು
ಪೆಣ್ಡಿತಿ,ಹೆಣ್ಡಿತಿ
ಪೆಣ್ಟೆ,ಹೆಣ್ಟೆ
ಪೊಗಳ್ಕೆಗಳು,ಹೊಗಳ್ಕೆಗಳು
ಪಳೆವಾತು,ಹಳೆವಾತು
ಪೆಚ್ಚು,ಹೆಚ್ಚು
ಪಣ್ಡ,ಹಣ್ಡ
ಪೊಱಕಾಲ್,ಹೊಱಕಾಲ್
ಪದಕ್ಕೆ,ಹದಕ್ಕೆ
ಪೆಚ್ಚಾದ,ಹೆಚ್ಚಾದ
ಪಲ್ಕಿರಿ,ಹಲ್ಕಿರಿ
ಪುಣ್ಣಿಮೆ,ಹುಣ್ಣಿಮೆ
ಪಾಗಲು,ಹಾಗಲು
ಪಕ್ಕಿ,ಹಕ್ಕಿ
ಪೊಱೆಕಾಱ,ಹೊಱೆಕಾಱ
ಪೊಟ್ಟಿ,ಹೊಟ್ಟಿ
ಪಿಂತಿರುಗು,ಹಿಂತಿರುಗು
ಪೂಗಲ್ಲು,ಹೂಗಲ್ಲು
ಪಾಚಿ,ಹಾಚಿ
ಪೊಸಸಕ್ಕರೆಗಳು,ಹೊಸಸಕ್ಕರೆಗಳು
ಪೆಂಡಿ,ಹೆಂಡಿ
ಪೂಡೆ,ಹೂಡೆ
ಪೊದಿಕೆಗಳು,ಹೊದಿಕೆಗಳು
ಪಾಲುಪೊಂಗಲು,ಹಾಲುಪೊಂಗಲು
ಪೊಂಬೆಸ,ಹೊಂಬೆಸ
ಪುದುವಾಳ್,ಹುದುವಾಳ್
ಪೊರವಾರು,ಹೊರವಾರು
ಪೊಣ್ಮು,ಹೊಣ್ಮು
ಪುಡುಕುನೀರ್,ಹುಡುಕುನೀರ್
ಪಾಸುಮಂಚ,ಹಾಸುಮಂಚ
ಪಾವಸೆ,ಹಾವಸೆ
ಪೀಚು,ಹೀಚು
ಪೊರಗು,ಹೊರಗು
ಪಡುವಲು,ಹಡುವಲು
ಪಾರಯಿಸು,ಹಾರಯಿಸು
ಪೊಗರೇರ್,ಹೊಗರೇರ್
ಪೇಸಿ,ಹೇಸಿ
ಪುಲಿಯುಗುರ್,ಹುಲಿಯುಗುರ್
ಪುತ್ತು,ಹುತ್ತು
ಪುರಿಯೇರು,ಹುರಿಯೇರು
ಪೋರು,ಹೋರು
ಪಂಜರಗಳು,ಹಂಜರಗಳು
ಪಾಡ್ಯ,ಹಾಡ್ಯ
ಪೆಂಗ,ಹೆಂಗ
ಪಲ್ಕಡಿ,ಹಲ್ಕಡಿ
ಪಣೆಗಣ್ಣ,ಹಣೆಗಣ್ಣ
ಪೇರಾನೆ,ಹೇರಾನೆ
ಪುಡೆ,ಹುಡೆ
ಪಳೆಯುಳಿಕೆ,ಹಳೆಯುಳಿಕೆ
ಪೆಙ್ಗಸು,ಹೆಙ್ಗಸು
ಪೋರೆ,ಹೋರೆ
ಪಾರಿ,ಹಾರಿ
ಪಾಳ್ಮನೆಹಾಳ,ಹಾಳ್ಮನೆಹಾಳ
ಪೊಂಬೊಗರಿ,ಹೊಂಬೊಗರಿ
ಪಸುರ್ಗಟ್ಟು,ಹಸುರ್ಗಟ್ಟು
ಪೂವಕ್ಕಿ,ಹೂವಕ್ಕಿ
ಪುಡಿಗಯ್,ಹುಡಿಗಯ್
ಪೆಙ್ಗೊಲೆ,ಹೆಙ್ಗೊಲೆ
ಪಾಲ್ದೆನೆ,ಹಾಲ್ದೆನೆ
ಪವಣಿಸು,ಹವಣಿಸು
ಪಳ್ಳ,ಹಳ್ಳ
ಪೊಡೆವಡು,ಹೊಡೆವಡು
ಪಾವಡಿಗ,ಹಾವಡಿಗ
ಪುಗುಳು,ಹುಗುಳು
ಪಾಲ,ಹಾಲ
ಪುಬ್ಬೆ,ಹುಬ್ಬೆ
ಪಕ್ಕರಿಕೆ,ಹಕ್ಕರಿಕೆ
ಪೆಂಗುರು,ಹೆಂಗುರು
ಪೊಗರುಗು,ಹೊಗರುಗು
ಪಟ್ಟಿ,ಹಟ್ಟಿ
ಪಸುರೆಲೆ,ಹಸುರೆಲೆ
ಪೊಲಿ,ಹೊಲಿ
ಪಾವುಗೆ,ಹಾವುಗೆ
ಪೊದರ್,ಹೊದರ್
ಪಂಬಲಿಸು,ಹಂಬಲಿಸು
ಪೇಕುಳಿಗೊಳ್,ಹೇಕುಳಿಗೊಳ್
ಪೊಗಳ್,ಹೊಗಳ್
ಪಕ್ಕಿಗಳು,ಹಕ್ಕಿಗಳು
ಪೊಂಬುಚ್ಚ,ಹೊಂಬುಚ್ಚ
ಪೂವರ್ಷ,ಹೂವರ್ಷ
ಪಂದಲುಗಳು,ಹಂದಲುಗಳು
ಪುಟ್ಟುಗುರುಡ,ಹುಟ್ಟುಗುರುಡ
ಪಗ,ಹಗ
ಪೂಟಿ,ಹೂಟಿ
ಪುಗುತೆ,ಹುಗುತೆ
ಪೊರ್ತು,ಹೊರ್ತು
ಪೇರೊಸಗೆ,ಹೇರೊಸಗೆ
ಪಾಂಸೆ,ಹಾಂಸೆ
ಪೊಗೆ,ಹೊಗೆ
ಪೀಜು,ಹೀಜು
ಪದವನ್ನು,ಹದವನ್ನು
ಪಿಂಬೆದೆ,ಹಿಂಬೆದೆ
ಪೂದೋಂಟ,ಹೂದೋಂಟ
ಪಾಳುಬಿದ್ದ,ಹಾಳುಬಿದ್ದ
ಪತ್ತುಗೆಗಳು,ಹತ್ತುಗೆಗಳು
ಪಾಲ್ವಕ್ಕಿ,ಹಾಲ್ವಕ್ಕಿ
ಪರೆಯ,ಹರೆಯ
ಪೆಸರಿಡು,ಹೆಸರಿಡು
ಪೊಂದಾವರೆ,ಹೊಂದಾವರೆ
ಪಿಟ್ಟು,ಹಿಟ್ಟು
ಪರಕೆ,ಹರಕೆ
ಪಣ್ಣು,ಹಣ್ಣು
ಪುಯ್ಯಲಿಕ್ಕು,ಹುಯ್ಯಲಿಕ್ಕು
ಪಿರಿದು,ಹಿರಿದು
ಪೋರಾಳ್ಗಳು,ಹೋರಾಳ್ಗಳು
ಪುಸಿ,ಹುಸಿ
ಪತ್ತುಗೆ,ಹತ್ತುಗೆ
ಪೀರಿ,ಹೀರಿ
ಪುಣ್ಣಮಿ,ಹುಣ್ಣಮಿ
ಪರಿವೆ,ಹರಿವೆ
ಪೆರಸಾರು,ಹೆರಸಾರು
ಪಿಂದುಗಳೆ,ಹಿಂದುಗಳೆ
ಪೊಂಗೊಡಗಳು,ಹೊಂಗೊಡಗಳು
ಪೊಙ್ಗರಿ,ಹೊಙ್ಗರಿ
ಪೆಂಡತಿ,ಹೆಂಡತಿ
ಪೊಂಬಿಸಿಲು,ಹೊಂಬಿಸಿಲು
ಪಣತೆ,ಹಣತೆ
ಪಕ್ಕೆಮನೆಗಳು,ಹಕ್ಕೆಮನೆಗಳು
ಪುಯ್,ಹುಯ್
ಪಾಸುಗೆ,ಹಾಸುಗೆ
ಪಾಸಿಕೆ,ಹಾಸಿಕೆ
ಪೇರುಡು,ಹೇರುಡು
ಪುಗಿಲು,ಹುಗಿಲು
ಪಸಲೆ,ಹಸಲೆ
ಪೂಣಿಗ,ಹೂಣಿಗ
ಪಗವಗಳು,ಹಗವಗಳು
ಪಞ್ಚು,ಹಞ್ಚು